"RegionName","City","State","Metro","CountyName","SizeRank","2011-01","2011-02","2011-03","2011-04","2011-05","2011-06","2011-07","2011-08","2011-09","2011-10","2011-11","2011-12","2012-01","2012-02","2012-03","2012-04","2012-05","2012-06","2012-07","2012-08","2012-09","2012-10","2012-11","2012-12","2013-01","2013-02","2013-03","2013-04","2013-05","2013-06","2013-07","2013-08","2013-09","2013-10","2013-11","2013-12","2014-01","2014-02","2014-03","2014-04","2014-05","2014-06","2014-07","2014-08","2014-09","2014-10","2014-11","2014-12","2015-01","2015-02","2015-03","2015-04","2015-05","2015-06","2015-07","2015-08","2015-09","2015-10","2015-11","2015-12","2016-01","2016-02","2016-03","2016-04","2016-05","2016-06","2016-07","2016-08","2016-09","2016-10","2016-11","2016-12","2017-01","2017-02","2017-03","2017-04","2017-05","2017-06","2017-07","2017-08","2017-09","2017-10","2017-11","2017-12","2018-01","2018-02","2018-03","2018-04","2018-05","2018-06","2018-07","2018-08"
"10025","New York","NY","New York, NY","New York",1,,,,,,,,,,,,,,5000,4795,4962.5,5195,5500,5400,5200,5337.5,5087.5,5000,5000,5000,4875,4850,5000,5200,5400,5487.5,5300,5650,5600,5150,5000,5150,5625,5700,5550,5400,5350,5000,5500,5075,5397.5,5397.5,5175,5500,5250,5250,5000,5150,5000,5041,5175,5000,4895,4800,4800,4897.5,4950,5075,5000,5000,5000,4947.5,4800,4800,4947.5,5000,4800,5000,5000,5000,5000,5000,5000,4922.5,4985,4846,4997.5,4922.5,4800,4895,4947.5,5175,5125,5225,5000,4800,4800
"60657","Chicago","IL","Chicago, IL","Cook",2,,,,,,,,,,,,,,3122.5,3100,3075,3025,2950,2975,3100,3000,2995,2972.5,2995,3000,3000,2900,3200,3200,3200,3600,3500,3400,3400,3499.5,3400,3400,3400,3200,3200,3200,3445,3400,3200,3050,2900,2995,3000,3095,3195,3095,3495,3600,3600,3300,3200,3000,3095,3147.5,3195,3195,3195,3195,3400,3450,3600,3300,3200,3225,3250,3600,3250,3300,3225,3300,3495,3600,3800,3600,3430,3395,3030,3090,3195,3200,3350,3600,3600,3675,3800,3697.5,3400
"60614","Chicago","IL","Chicago, IL","Cook",3,,,,,,,,,,,,,,,,,,,,,,,,,,,,,,,,,,,,,,,,,,,,,,,,,,,,,,,,,,,,,,,,,,,,,,,,,3450,3825,3600,3825,4000,3995,3800,3600,3600,3650,3400,3300,3300,3300,3300,3800,4200,3995,3995,3742.5
"77084","Houston","TX","Houston, TX","Harris",4,,,,,,,,,,,,,,,,,,,,,,,,,,,,,,,1650,1700,1700,1575,1500,1500,1500,1495,1500,1500,1675,1650,1625,1550,1600,1600,1675,1650,1650,1675,1651.5,1625,1600,1650,1750,1672.5,1600,1650,1630,1650,1600,1597.5,1625,1687.5,1595,1600,1625,1650,1612.5,1582.5,1570,1550,1599.5,1600,1550,1649.5,1650,1599,1650,1695,1662.5,1672.5,1600,1600,1600,1599,1600,1637.5,1600,1650,1695,1657.5
"75070","McKinney","TX","Dallas, TX","Collin",5,,,,,1650,1597.5,1650,1650,1750,1722.5,1650,1650,1650,1700,1650,1797.5,1700,1700,1750,1795,1700,1750,1750,1775,1850,1795,1750,1750,1800,1750,1795,1795,1795,1750,1750,1750,1725,1750,1750,1795,1830,1800,1800,1850,1800,1800,1800,1800,1825,1800,1850,1822.5,1895,1900,1895,1850,1895,1885,1875,1895,1850,1812.5,1850,1900,1995,1995,2000,1973,1997.5,1972.5,1950,1950,1900,1900,1995,1995,1995,1958,1900,1995,1990,1900,1900,1900,1900,1962.5,1995,2000,2095,2100,2070,1995
"77494","Katy","TX","Houston, TX","Fort Bend",6,,,,,,,,,,,2100,2025,2000,2115,2275,2375,2250,2300,2497.5,2300,2225,2100,2200,2347.5,2300,2372.5,2350,2300,2200,2200,2200,2300,2300,2290,2250,2200,2250,2300,2300,2300,2397.5,2400,2300,2400,2397.5,2350,2300,2300,2350,2350,2375,2400,2400,2400,2400,2350,2300,2350,2275,2298,2200,2250,2295,2400,2300,2300,2200,2150,2300,2195,1999.5,2175,2095,2162.5,2100,2200,2200,2200,2200,2250,2300,2400,2400,2400,2300,2300,2289.5,2287.5,2300,2275,2250,2197.5
"77449","Katy","TX","Houston, TX","Harris",7,,,,,,,1300,1300,1350,1350,1325,1312.5,1350,1350,1350,1337.5,1350,1300,1350,1350,1350,1395,1400,1397.5,1475,1450,1450,1495,1475,1485,1500,1512.5,1500,1500,1500,1495,1450,1450,1450,1472,1500,1500,1585,1550,1525,1525,1550,1525,1525,1525,1547.5,1550,1550,1532.5,1525,1550,1600,1595,1550,1517,1525,1525,1537.5,1550,1595,1595,1600,1550,1525,1500,1475,1450,1450,1457.5,1485,1500,1525,1545,1550,1500,1550,1550,1550,1550,1520,1550,1557.5,1644,1600,1650,1600,1600
"10016","New York","NY","New York, NY","New York",8,,,,,,,,,,,,,,,,,,,,,,,,,,,,,,,,,,,,,,,,,,,,,,,,,,,,,,,,,,,,,,,,,,,,,,,,,,6066,6800,6200,6700,6800,6996,6900,6995,6950,6800,6800,6750,6750,6550,6487.5,6700,6500,6480,6500
"60618","Chicago","IL","Chicago, IL","Cook",9,,,,,,,,,,,,,,,,,,,,,,,,,,,,,,,,,,,,,,,,,,,,,,,,,,,,,,,,,,,,,,,,,,,,,,,,,,,,,3000,3000,3000,2995,2800,2800,2700,2700,2700,2925,3000,3350,3000,2900,2797.5,2850
"28269","Charlotte","NC","Charlotte, NC","Mecklenburg",10,,,,,,,,,,,,,,,,,,,,,,,,,,,,,,,,,,,,,,,,,,,,,,,,,,,,,,,,,,,,,,,,,,,,,,,,,1450,1575,1627,1649,1625,1595,1650,1649.5,1650,1650,1650,1625,1640,1645,1680,1695,1695,1650,1655,1695
"30349","Riverdale","GA","Atlanta, GA","Fulton",11,,,,,,1200,1245,1250,1200,1187.5,1250,1200,1200,1200,1200,1200,1200,1175,1200,1200,1150,1100,1125,1125,1150,1195,1200,1200,1195,1200,1200,1200,1200,1200,1200,1200,1175,1195,1200,1200,1225,1200,1150,1155,1195,1190,1195,1247,1200,1200,1200,1225,1250,1250,1235,1250,1250,1250,1225,1222.5,1250,1250,1285,1297.5,1250,1300,1237.5,1295,1285,1295,1299,1325,1299.5,1400,1450,1425,1495,1497.5,1495,1375,1333.5,1345,1350,1395,1445,1472.5,1450,1439.5,1400,1400,1395,1400
"79912","El Paso","TX","El Paso, TX","El Paso",12,,,,,,,,,,,,,,,,,,,,,,,,,,,,,,,,,,,,,,,,,,,,,,,,,,,,,,,,,,,,,,,,,,,,,,,,,,,,1550,1600,1625,1625,1562.5,1600,1695,1600,1650,1612.5,1650,1685,1725,1750,1695,1700,1700
"10003","New York","NY","New York, NY","New York",13,,,,,,,,,,,,,,,,,,,,,,,,,,,,,,,,,,,,,,,,,,,,,,,,,,,,,,,,,,,,,,,,,,,,,,,,,,,6600,6500,6450,6495,6450,6395,6195,6083,6745,6495,6900,6495,6750,6595,6497.5,6447.5,6400,6325
"60613","Chicago","IL","Chicago, IL","Cook",14,,,,,,,,,,,,,,,,,,,,,,,,,,,,,,,,,,,,,,,,,,,,,,,,,,,,,,,,,,,,,,,,,,,,,,,,,,2700,2995,3100,3200,3195,2995,2947.5,2870,2800,2800,2800,2745,2995,3000,3100,3055,3065,3000,3000
"30044","Lawrenceville","GA","Atlanta, GA","Gwinnett",15,,,,,,,,,,,,,,,,,,,,,,,,,,,,,,,,,,,,,,,,,,,,,,,,,,,,,,,,,,,,,,,,,,,,,,,,,1575,1545,1600,1577,1600,1600,1599,1535,1597.5,1675,1650,1572.5,1586,1550,1550,1650,1600,1615,1647.5,1600
"11206","New York","NY","New York, NY","Kings",16,,,,,,,,,,,,,,,,,,,,,,,,,,,,,,3800,3929,3833,3750,3650,3750,3549.5,3600,3600,3597,3500,3399,3400,3500,3914.5,3800,3600,3950,4000,3800,3800,3800,3847.5,3700,3800,3800,3799,3847.5,3800,3800,3800,3800,3825,3910,3992.5,4090,4075,3840,4100,3600,3895,4000,4125,4100,3799,4200,4190,3995,3850,3800,3875,3850,3850,3795,3700,3749.5,3799.5,3799,3802,3750,3850,3999.5,3799
"77479","Sugar Land","TX","Houston, TX","Fort Bend",17,,,,,,,,,,,,,,,,,,,,,,2190,2275,2300,2175,2400,2300,2300,2450,2400,2450,2300,2425,2200,2450,2500,2500,2425,2400,2375,2490,2450,2300,2250,2197.5,2200,2075,2375,2400,2350,2400,2600,2500,2500,2450,2500,2500,2500,2500,2488,2400,2400,2488,2497.5,2500,2425,2350,2450,2500,2475,2300,2250,2200,2200,2272.5,2300,2325,2400,2350,2300,2300,2250,2350,2400,2400,2400,2400,2395,2300,2300,2300,2275
"77429","Cypress","TX","Houston, TX","Harris",18,,,,,,,,,,,,,,,,,,,,,,,,,,,,,,,,,,,,,,,1672.5,1750,1797.5,1800,1810,1950,1995,1985,1899.5,1847.5,1822,1825,1799,1799,1899,1850,1897.5,1912,1987.5,1800,1925,1900,1897,1850,1800,1800,1800,1862.5,1950,1750,1900,1824.5,1857.5,1850,1797.5,1837.5,1850,1812.5,1800,1845,1830,1850,1800,1797.5,1800,1900,1925,1812.5,1850,1895,1900,1950,1895,1895
"77077","Houston","TX","Houston, TX","Harris",19,,,,,,,,,,,,,,,,,,,,,,,,,,,,,,,,,,,,,,,,,,,,,,,,,,,,,,,,,,,,,,,,,,,,,,,,,2500,2395,2750,2600,2775,2500,2500,2500,2490,2395,2650,2600,2650,2700,2800,2750,2712.5,2700,2800,2775
"30043","Lawrenceville","GA","Atlanta, GA","Gwinnett",20,,,,,,,,,,,,,,,,,,,,,,,,,,,,,,,,,,,,,,,,,,,,,,,,,,,,,,,,,,,,,,,,,,,,,,,,1499,1572,1550,1559,1595,1625,1600,1615,1595,1595,1595,1600,1595,1595,1597.5,1675,1650,1650,1700,1701,1600
"60619","Chicago","IL","Chicago, IL","Cook",21,,,,,,,,,,,,,,,,,,,,,,,,,,,,,,,,,,,,,,,,,,,,,,,,,,,,,,,,,,,,,,,,,,,,,,,,,1250,1300,1400,1400,1350,1250,1250,1250,1250,1250,1250,1250,1250,1250,1250,1250,1250,1300,1300,1300
"28277","Charlotte","NC","Charlotte, NC","Mecklenburg",22,,,,,,,,,,,,,,,,,,,,,,,,,,,,,,,,,,,,,,,,,,,,,,,,,,,,,,,,,,,,,,,,,,,,,,,,,,2125,2125,2097.5,2112.5,2187,2195,2157.5,2125,2100,2075,2022.5,2100,2095,2047.5,2100,2195,2100,2100,2200
"77379","Tomball","TX","Houston, TX","Harris",23,,,,,,,,,,,,,,,,,,,,,,,,,,,,,1750,1897.5,1850,1897.5,1810,1895,1750,1750,1787.5,1800,1787.5,1800,1770,1750,1750,1837.5,1895,1995,1879,1829.5,1859,1859,1895,1925,1925,1959,1954,1954.5,1950,1997,1862.5,1895,1775,1795,1950,1895,1895,1897.5,1800,1995,1727.5,1750,1690,1699,1800,1797.5,1795,1899.5,1875,1800,1850,1897.5,1890,1800,1850,1797.5,1812.5,1800,1800,1875,1837,1872.5,1895,1899
"33411","Royal Palm Beach","FL","Miami, FL","Palm Beach",24,,,,,,,,,,,,,,,,,,,,,,,,,,,,,,,,,,,,,,,,,,,,,,,,,,,,,,,,,,,,,,,,,,,,,,,,,2300,2300,2297,2300,2412.5,2350,2300,2300,2250,2258,2352.5,2400,2500,2490,2350,2500,2425,2450,2500,2423
"98052","Redmond","WA","Seattle, WA","King",25,,,,,,,,,,,,,,,,,,,,,,,,,,,,,,,,,,,,,,,,,,,,,,,,,,,,,,,,,,,,,,,,,,,,,,,,,,,,,,3287.5,3250,3125,3150,3000,2995,2925,3100,3175,3175,3495,3395,3467.5,3400,3225
"30024","Suwanee","GA","Atlanta, GA","Gwinnett",26,,,,,,,1595,1600,1650,1595,1600,1595,1600,1600,1500,1572.5,1650,1685,1650,1650,1650,1700,1624.5,1600,1595,1650,1600,1650,1650,1695,1672.5,1600,1650,1680,1700,1774.5,1750,1747.5,1747,1700,1695,1700,1772.5,1825,1800,1794.5,1750,1750,1700,1750,1799,1799.5,1812.5,1800,1812.5,1750,1750,1850,1800,1900,1895,1850,1800,1850,1825,1807.5,1795,1850,1850,1800,1900,1799.5,1850,1850,1850,1893,1900,1943,1900,1896.5,1900,1945,1950,1950,1895,1892.5,1872.5,1950,1900,1900,1900,1945
"11221","New York","NY","New York, NY","Kings",27,,,,,,,,,,,,,,,,,,,,,,,,,,,,,,,,,,3000,3000,3050,3195,3100,3100,3100,3150,3100,3149.5,3200,3185,3199,3100,3000,3133,3200,3200,3200,3200,3272.5,3350,3399,3400,3425,3349,3300,3265.5,3200,3292.5,3250,3400,3400,3400,3400,3400,3400,3480,3275,3325,3400,3299,3399,3400,3399,3399,3450,3395,3300,3390,3199,3394.5,3399,3399,3475,3499.5,3500,3400,3500
"77433","Cypress","TX","Houston, TX","Harris",28,,,,,,,,,,,,,,,,,,,,,,,,,,,,,,,,,,,,,,,,,,,,,,,,,,,,,,,,,,,,,,,,,,,,,2025,1850,2000,1995,1875,1850,1875,1900,1899.5,1850,1887.5,1850,1900,1950,1950,2000,2000,1987.5,2000,1950,1900,1950,1912.5,1900
"78245","San Antonio","TX","San Antonio, TX","Bexar",29,,,,,,,,,,,,,,,,,,,,,,,,,,,,,,,,,,,,,,,,,,,,,,,,,,,,,,,,,,,,,,,,,,,,,,,,,1380,1495,1495,1495,1495,1525,1575,1575,1575,1550,1500,1495,1485,1495,1525,1550,1575,1550,1550,1562.5
"11385","New York","NY","New York, NY","Queens",30,,,,,,,,,,,,,,,,,,,,,,,,,,,,,,,,,,,,,,,,,,,,,,,,,,,,,,,,,,,,3300,3400,3500,3500,3500,3550,3495,3400,3400,3500,3595,3450,3499.5,3100,3349,3300,3200,3399,3400,3400,3500,3500,3350,3350,3500,3450,3302,3300,3295,3350,3400,3400,3400
"28027","Concord","NC","Charlotte, NC","Cabarrus",31,,,,,,,,,,,,,,,,,,,,,,,,,,,,,,,,,,,,,,,,,,,,,,,,,,,,,,,,,,,,,,,,,,,,,,,,,,1550,1500,1500,1540,1550,1625,1650,1585,1595,1550,1595,1670,1702.5,1725,1672.5,1650,1695,1695,1685
"92677","Laguna Niguel","CA","Los Angeles, CA","Orange",32,,,,,,,,,,,,,,,,,,,,,,,,,,,,,,,,,,,,,,,,,,,,,,,,,,,,,,,,,,,,,,,,,,,,,,,,,4000,4150,4150,4300,4300,4400,4300,4400,4200,3974.5,3950,4000,4345,4447.5,4100,4275,4500,4550,4250,4250
"91709","Chino Hills","CA","Palm Desert, CA","San Bernardino",33,,,,,,,,,,,,,,,,,,,,,,,,,,,,,,,,,,,,,,,,,,,,,,,,,,,,,,,,,,,,,,,,,,,,,,2600,2700,2600,2695,2700,2650,2600,2795,2800,2800,2800,2825,2795,2750,2700,2695,2700,2750,2750,2750,2825,2872.5,2950
"75034","Frisco","TX","Dallas, TX","Denton",34,,,,,,,,,,,,,,,,,,,,,,,,,,,,,,,,,,,,,,,,,,,,,,,,,,,,,,,,,,,,,,,,,,,,,,,,,2400,2450,2400,2422.5,2587,2450,2462.5,2395,2650,2450,2532.5,2700,2900,2850,2850,2600,2825,2950,2950,2995
"02148","Malden","MA","Boston, MA","Middlesex",35,,,,,,,,,,,,,,,,,,,,,,,,,,,,,,,,,,,,,,,,,,,,,,,,,,,,,,,,,,,,,,,,,,,,,,,,,,,2700,2750,2700,2800,2800,2600,2400,2200,2200,2200,2400,2600,2600,2600,2550,2797.5,2850,2795
"33647","Tampa","FL","Tampa, FL","Hillsborough",36,,1850,1750,1885,2000,1975,1875,1800,1800,1750,1700,1750,1750,1850,1895,1897.5,1872.5,1895,1872.5,1895,1900,1800,1800,1800,1775,1800,1850,1897.5,1925,2000,2100,2000,1995,1990,2000,2000,1895,1850,1850,1850,1900,1917.5,1900,1895,1895,1850,1850,1905,1897.5,1895,1900,1925,1950,2000,1985,1950,1950,1910,1900,1850,1905,1925,1920,1950,1995,1997.5,1995,1985,2015,1910,1950,1962.5,1995,2000,1859,2000,2050,2085,2007.5,2000,2000,1997,1995,2000,1999.5,2000,2000,2100,2140,2125,2195,2050
"89117","Las Vegas","NV","Las Vegas, NV","Clark",37,,,,,,,,,,,,,,,,,,,,,,,,,,,,,,,,,,,,,,,,,,,,,,,,,,,,,1750,1750,1700,1725,1650,1500,1500,1600,1600,1600,1612.5,1665,1699,1662.5,1599.5,1825,1597.5,1650,1600,1650,1650,1700,1700,1700,1795,1845,1900,1950,1775,1895,1900,1800,1895,1995,1950,1972.5,2070,1950,1895,1825
"77450","Cinco Ranch","TX","Houston, TX","Harris",38,,,,,,,,,,,,,,,,2325,2350,2300,2400,2050,2100,1850,1885,2050,2300,2100,1947.5,2200,2200,2200,2300,2275,2300,2200,2400,2350,2025,2099.5,2000,2000,2200,2300,2250,2272.5,2200,2100,2100,1950,1995,1995,2100,2225,2250,2300,2300,2200,2200,2150,2187.5,2100,2095,2050,2200,2200,2425,2300,2100,1972.5,1995,1897.5,1900,1900,1900,1925,1950,1950,2000,2000,2074.5,2099.5,2100,2150,2125,2060,1990,1997.5,2100,2085,2000,2000,1999,1995
"91730","Rancho Cucamonga","CA","Palm Desert, CA","San Bernardino",39,,,,,,,,,,,,,,,,,,,,,,,,,,,,,,,,,,,,,,,,,,,,,,,,,,,,,,,,,,,,,,,,,,,,,,,,,,,,,,,,2300,2400,2350,2395,2400,2398,2365,2340,2400,2500,2497.5,2497.5,2500
"97229","Portland","OR","Portland, OR","Washington",40,,,,,,,,,,,,,,,,,,,,,,,,,,,,,,,,,,,,,,,,,,,,,,,,,,,,,,,,,,,,,,,,,,,,,,,,,2437.5,2400,2350,2495,2599,2672.5,2595,2495,2350,2300,2395,2395,2372.5,2350,2300,2595,2595,2497.5,2495,2495
"76244","Fort Worth","TX","Dallas, TX","Tarrant",41,,,,,,,1495,1650,1662.5,1595,1694.5,1600,1600,1650,1650,1650,1600,1500,1600,1612.5,1595,1650,1600,1562.5,1550,1650,1612.5,1625,1637.5,1650,1628,1620,1650,1710,1695,1695,1695,1695,1675,1675,1700,1750,1700,1695,1675,1675,1725,1695,1600,1650,1725,1700,1785,1742.5,1712.5,1742.5,1795,1745,1795,1859,1795,1750,1750,1795,1745,1795,1800,1750,1725,1800,1750,2045,1850,1850,1850,1850,1892.5,1885,1895,1897.5,1850,1800,1800,1795,1795,1795,1850,1895,1895,1895,1900,1900
"77095","Houston","TX","Houston, TX","Harris",42,,,,,,,,,,,,,,,,,,,,,,,,,,,,,,,,,,,,1739.5,1729,1700,1700,1700,1749.5,1750,1750,1825,1809,1799.5,1800,1800,1800,1800,1750,1800,1787.5,1795,1795,1799.5,1837.5,1800,1795,1797,1800,1800,1825,1825,1775,1785,1795,1750,1837,1790,1775,1625,1700,1737.5,1771.5,1775,1837.5,1800,1785,1760,1770,1800,1800,1795,1750,1800,1850,1875,1850,1825,1825,1750
"92592","Temecula","CA","Palm Desert, CA","Riverside",43,,,2100,2100,2099.5,2000,1997.5,1975,1950,2072.5,1899.5,1972.5,2100,1975,1985,1950,1995,1995,1995,2050,1995,2100,2050,2050,1999.5,1950,1950,1999.5,2050,2050,2000,2100,2000,2000,2000,2095,2095,2095,2000,2025,2099.5,2095,2100,2100,2099,2100,1995,2095,2095,2050,2050,2100,2100,2095,2050,2100,2150,2100,2097.5,2150,2154.5,2196,2195,2150,2200,2199,2195,2100,2195,2197,2125,2150,2300,2325,2400,2300,2375,2395,2350,2350,2400,2422.5,2400,2412.5,2485,2495,2450,2425,2400,2400,2495,2547.5
"98012","Bothell","WA","Seattle, WA","Snohomish",44,,,,,,,,,,,,,,,,,,,,,,,,,,,,,,,,,,,,,,,,,,,,,,,,,,,,,,,,,,,,,,,,,,,,,,,,,2500,2525,2550,2597.5,2650,2650,2600,2550,2500,2497,2500,2495,2500,2650,2700,2622.5,2787.5,2765,2650,2649
"92336","Fontana","CA","Palm Desert, CA","San Bernardino",45,,,,,,,,,,,,,,,,,,,,,,,,,,,,,,,,,,,,,,,,,,,,,,,,,,,,,,,,,,,,,,,,,,,,,,,,,2300,2275,2295,2400,2400,2375,2450,2450,2497.5,2395,2350,2400,2450,2450,2450,2500,2500,2450,2450,2499
"30062","Marietta","GA","Atlanta, GA","Cobb",46,,,,,,,,,,,,,,,,,,,,,,,,,,,,,,,,,,,,,,,,,,,,,,,,,,,,,,,,,,,,,,,,,,,,,,,,,,,2100,2100,2095,2100,2000,1990,2000,2060,2077.5,2000,2000,2150,1925,2000,2000,2200,2195,2197.5
"77459","Missouri City","TX","Houston, TX","Fort Bend",47,,,,,,,,,,,,,,,,,,,,,,,,,,,,,,,,,,,,,,,,,,,,,,,,,,,,,,,,,,,,,,,,,,,,,,,,,2197.5,2200,2095,2100,2050,1997.5,2050,1997.5,1997.5,1975,1975,1950,1950,1950,1950,2195,2100,2000,2125,2000
"32244","Jacksonville","FL","Jacksonville, FL","Duval",48,,,,,,,,,,,,,,,,,,,,,,,,,,,,,,,,,,,,,,,,,,,,,,,,,,,,,,,,,,,,,,,,,,,,,,,,,1275,1275.5,1299,1349.5,1300,1375,1395,1375,1295,1344,1315,1363,1399,1399,1450,1399,1399,1435.5,1397,1397
"33186","The Crossings","FL","Miami, FL","Miami-Dade",49,,2072.5,2095,2100,2200,2200,2200,2150,2150,2150,2125,2200,2197.5,2050,2095,2000,2100,2100,2100,2100,2225,2200,2200,2300,2300,2200,2250,2100,2200,2350,2400,2300,2300,2300,2300,2200,2270,2250,2300,2300,2300,2300,2300,2250,2300,2350,2325,2300,2300,2300,2300,2300,2250,2242.5,2395,2200,2350,2372.5,2332.5,2400,2400,2400,2400,2400,2450,2550,2400,2425,2425,2500,2500,2500,2400,2450,2350,2400,2400,2500,2500,2500,2500,2500,2450,2500,2500,2500,2500,2500,2499,2499.5,2500,2500
"76063","Mansfield","TX","Dallas, TX","Tarrant",50,,,,,,,,,,,,,,,,,,,,,,,,,,,,,,,,,,,,,,,,,,,,,,,,,,,,,,,,,,,,,,,,,,,,,,,,,,,,,2147.5,2095,2095,1999.5,1950,1900,1950,1950,1950,1950,2000,2100,2125,2050,2095,1985
"02155","Medford","MA","Boston, MA","Middlesex",51,,,,,,,,,,,,,,,,,,,,,,,,2750,2700,2800,2800,2800,2800,2600,2600,2600,2550,2500,2500,2400,2500,2300,2400,2700,2800,2800,2800,2700,2700,2700,2750,2500,2600,2800,2775,2800,2900,3000,2875,2800,2800,2800,2800,2700,3000,3000,2900,3000,3200,3200,3000,2800,2600,2800,2700,2725,2800,3000,2950,3000,3045,3200,3200,3000,3000,3200,3300,3200,3200,3400,3400,3400,3250,3250,3200,3200
"33027","Miramar","FL","Miami, FL","Broward",52,,,,,,,,,,,,,,,,,,,,,,,,,,,,,,,,,,,,,,,,,,,,,,,,,,,,,,,,,,,,,,,,,,,,,,,,,2637,2644,2650,2660,2699,2625,2599,2600,2655,2650,2600,2600,2550,2520,2510,2550,2650,2712.5,2600,2900
"30022","Johns Creek","GA","Atlanta, GA","Fulton",53,,,,,,,,,,,,,,,,,,,,,,,,,,,,,,,,,,,,,,,,,,,,,,,,,,,,,,,,,,,,,,,,,,,,,,,,,2275,2180,2150,2200,2195,2200,2200,2200,2100,2095,2200,2200,2200,2050,2050,2140,2097.5,2100,2100,2175
"30040","Cumming","GA","Atlanta, GA","Forsyth",54,,,,,,,,,,,,,,,,1625,1750,1725,1637.5,1675,1550,1725,1675,1650,1600,1672.5,1749,1700,1550,1650,1695,1700,1700,1685,1695,1650,1650,1695,1662.5,1650,1695,1597.5,1625,1675,1695,1695,1695,1750,1697.5,1700,1795,1800,1750,1802.5,1782.5,1775,1700,1700,1695,1695,1695,1695,1692,1695,1820,1800,1772.5,1795,1695,1797.5,1712.5,1750,1700,1740,1800,1750,1795,1795,1750,1750,1795,1728,1750,1719,1795,1778,1763,1780,1847.5,1800,1800,1800
"79938","El Paso","TX","El Paso, TX","El Paso",55,,,,,,,,,,,,,,,,1370,1390,1350,1350,1295,1295,1350,1332.5,1300,1290,1230,1275,1275,1250,1250,1250,1250,1250,1250,1295,1295,1250,1200,1200,1200,1250,1250,1295,1250,1245,1250,1247.5,1250,1225,1200,1250,1250,1250,1250,1250,1250,1250,1250,1200,1200,1200,1250,1250,1250,1225,1200,1250,1175,1200,1275,1250,1295,1200,1250,1250,1250,1250,1250,1295,1250,1250,1200,1200,1200,1200,1250,1200,1250,1295,1295,1295,1300
"32218","Jacksonville","FL","Jacksonville, FL","Duval",56,,,,,,,,,,,,,,,,,,,,,,,,,,,,,,,,,,,,,,,,,,,,,,,,,,,,,,,,,,,,,,,,,,,,,,,,,1400,1395,1432,1497.5,1495,1495,1450,1492,1500,1550,1495,1495,1495,1486,1550,1550,1595,1595,1550,1550
"77845","College Station","TX","Bryan, TX","Brazos",57,,,,,,,,,,,,,,1545,1600,1600,1600,1595,1550,1497.5,1400,1400,1497.5,1500,1495,1650,1600,1597.5,1600,1595,1595,1500,1500,1525,1600,1592.5,1590,1600,1650,1625,1600,1625,1600,1650,1600,1795,1650,1672.5,1697.5,1700,1695,1700,1750,1800,1850,1800,1685,1650,1740,1900,2000,1900,1885,1747.5,1800,2000,1800,1600,1695,1835,1975,1800,1800,1900,1800,1800,1750,1700,1700,1600,1695,1800,1800,1800,1850,1900,1825,1800,1700,1700,1600,1600
"30052","Loganville","GA","Atlanta, GA","Walton",58,,,,,,,,,,,,,,,,,,,,,,,,,,,,,,,,,,,,,,,,,,,,,,,,,,,,,,,,,,,,,,,,,,,,,,,,,1455.5,1450,1479,1495,1501,1528,1604.5,1515,1522.5,1495,1497.5,1500,1538.5,1550,1595,1595,1642.5,1649,1585,1595
"30041","Cumming","GA","Atlanta, GA","Forsyth",59,,,,,,,,,,,,,,,,,,,,,,,,,,,,,,,,,,,,,,,,,,,,,,,,,,,,,,,,,,,,,,,,,,,,,,,1865,1925,1895,1900,2022.5,2000,2000,2000,1972.5,1955,1990,1950,1995,1950,1982.5,1900,1950,1995,1997,2000,2000,1950
"89052","Henderson","NV","Las Vegas, NV","Clark",60,,,,,,,,,,,,,,,,,,,,,,,,,,,,,,,,,,,,,,,,,,,,,,,,,,,,,,,,,,,,,,,,,,,,,,,,,1937.5,1900,1925,1995,1995,2150,2100,1995,1975,2050,2150,2100,2000,2100,2100,2150,2197.5,2125,2095,2000
"94509","Antioch","CA","San Francisco, CA","Contra Costa",61,,,,,,,,,,,,,,,,,,,,,,,,,,,,,,,,,,,,,,,,,,,,,,,,,,,,,,,,,,,,,,,,,,,,,,,,,2137.5,2250,2200,2250,2200,2350,2295,2350,2200,2250,2189.5,2200,2345,2400,2372.5,2375,2500,2400,2299,2400
"89123","Las Vegas","NV","Las Vegas, NV","Clark",62,,,,,,,,,,,,,,,,,,,,,,,,,,,,,,,,,,,,,,,,,,,,,,,,,,,,,,,,,,,,,,,,,,,,,,,,,1699,1600,1635,1635,1650,1650,1675,1625,1768,1695,1700,1700,1700,1700,1700,1695,1749,1685,1850,1850
"34953","Port Saint Lucie","FL","Port Saint Lucie, FL","Saint Lucie",63,,,,,,,,,,,,,,,,,,,,,,,,,,,,,,,,,,,,,,,,,,,,,,,,,,,,,,,,,,,,,,,,,,,,,,,,,1600,1674.5,1700,1700,1682,1650,1675,1695,1650,1687.5,1650,1650,1675,1675,1745,1695,1700,1800,1795,1750
"91710","Chino","CA","Palm Desert, CA","San Bernardino",64,,,,,,,,,,,,,,,,,,,,,,,,,,,,,,,,,,,,,,,,,,,,,,,,,,,,,,,,,,,,,,,,,,,,,,,,,2499,2500,2550,2525,2587.5,2500,2522,2550,2625,2500,2500,2500,2500,2600,2600,2650,2600,2550,2600,2650
"60622","Chicago","IL","Chicago, IL","Cook",65,,,,,,,,,,,,,,,,,,,,,,,,,,,,,,,,,,,,,,,,,,,,,,,,,,,,,,,,,,,,,,,,,,,,,,,,,,,,,3400,3300,3200,3247.5,3200,2800,3195,3200,3200,3200,3200,3200,3200,3200,3200,3200
"28078","Huntersville","NC","Charlotte, NC","Mecklenburg",66,,,,,,,,,,,,,,,,,,,,,,,,,,,,,,,,,,,,,,,,,,,,,,,,,,,,,,,,,,,,,,,,,,,,,,,,,1937.5,1850,1825,1899,1875,1895,1855,1875,1895,1850,1797.5,1795,1795,1775,1809.5,1850,1795,1795,1984.5,1995
"32828","Orlando","FL","Orlando, FL","Orange",67,,,,,,,1600,1592.5,1537.5,1400,1425,1550,1500,1525,1572.5,1550,1500,1550,1550,1500,1500,1550,1550,1500,1550,1595,1595,1585,1595,1550,1595,1675,1595,1595,1595,1595,1595,1595,1595,1595,1637.5,1650,1595,1637.5,1600,1595,1550,1550,1595,1600,1625,1685,1700,1695,1720.5,1700,1600,1600,1625,1699.5,1695,1680,1650,1625,1597.5,1695,1725,1725,1695,1600,1697.5,1650,1795,1812.5,1725,1847.5,1800,1800,1875,1849.5,1812.5,1895,1900,1849,1897.5,1862.5,1850,1972.5,1990,1900,1907.5,1985
"95758","Elk Grove","CA","Sacramento, CA","Sacramento",68,,,,,,,,,,,,,,,,,,,,,,,,,,,,,,,,,,,,,,,,,,,,,,,,,,,,,,,,,,,,,,,,,,,,,,,,,,,,,,,,,1995,1950,1975,1995,1995,1895,1895,2050,1995,2072.5,2100,2025
"89031","North Las Vegas","NV","Las Vegas, NV","Clark",69,,,,,1225,1250,1250,1250,1250,1200,1200,1200,1200,1200,1225,1275,1250,1200,1195,1195,1195,1200,1195,1195,1195,1199.5,1200,1195,1200,1212.5,1200,1200,1200,1250,1200,1195,1195,1195,1195,1195,1195,1197.5,1200,1200,1225,1250,1200,1200,1200,1200,1250,1250,1295,1300,1297.5,1250,1250,1275,1250,1250,1250,1250,1250,1275,1295,1300,1325,1374.5,1349,1320,1299.5,1325,1300,1325,1349.5,1375,1300,1400,1400,1400,1395,1400,1385,1349.5,1382.5,1395,1400,1450,1495,1457.5,1495,1500
"33157","Village of Palmetto Bay","FL","Miami, FL","Miami-Dade",70,,,,,,,,,,,,,,,,,,,,,,,,,,,,,,,,,,,,,,,,,,,,,,,,,,,,,,,,,,,,,,,,,,,,,,,,,,,2600,2999.5,2999,2751,3000,3100,2600,2817.5,3095,3190,2975,3000,3200,3000,2970,2995,2650,3000
"30004","Milton","GA","Atlanta, GA","Fulton",71,,,,,,,,,,,,,,,,,,,,,,,,,,,,,,,,,,,,,,,,,,,,,,,,,,,,,,,,,,,,,,,,,,,,,,,,,,,,2400,2350,2200,2200,2250,2195,2175,2200,2200,2195,2195,2200,2250,2400,2300,2400,2425
"75002","Allen","TX","Dallas, TX","Collin",72,,,,,,,,,,,,,,,,,,,,,,,,,,,,,,,,,,,,,,,,,,,,,,,,,,,,,,,,,,,,,,,,,,,,,,,,,1975,1900,1950,1995,2000,2011.5,2000,2000,2050,1975,1950,1960,1950,1950,2000,2062.5,1995,1995,1995,2022.5
"10031","New York","NY","New York, NY","New York",73,,,,,,,,,,,,,,,,,,,,,,,,,,,,,,,,,,,,,,,,,,,,,,,,,,,,,,,,,,,,,,,,,,,,,,,,,3300,3450,3400,3400,3500,3484,3500,3447.5,3500,3400,3295,3391,3397.5,3500,3397.5,3497.5,3600,3595,3597.5,3795
"33511","Brandon","FL","Tampa, FL","Hillsborough",74,,,,,,,,,,,,,,,,,,,,,,,,,,,,,,,,,,,,,,,,,,,,,,,,,,,,,,,,,,,,,,,,,,,,,,,,,1600,1649.5,1650,1637.5,1630,1650,1650,1629.5,1595,1550,1550,1650,1685,1690,1705,1725,1700,1705,1710,1700
"34787","Winter Garden","FL","Orlando, FL","Orange",75,,,,,,,,,,,,,,,,,,,,,,,,,,,,,,,,,,,,,,,,,,,,,,,,,,,,,,,,,,,,,,,,,,,,,,,,,2150,2100,2125,2162.5,2175,2000,1995,2000,2100,2100,2195,2200,2200,2195,2250,2250,2225,2300,2250,2250
"30253","McDonough","GA","Atlanta, GA","Henry",76,,,,,,,,,,,,,,,,,,,,,,,,,,,,,,,,,,,,,,,,,,,,,,,,,,,,,,,,,,,,,,,,,,,,,,,,,1399,1400,1409.5,1400,1395,1450,1460,1495,1460,1445,1445,1445,1420,1412.5,1450,1485,1525,1550,1582.5,1565
"60637","Chicago","IL","Chicago, IL","Cook",77,,,,,,,,,,,,,,,,,,,,,,,,,,,,,,,,,,,,,,,,,,,,,,,,,,,,,,,,,,,,,,,,,,,,,,,,1300,1325,1300,1300,1300,1300,1300,1250,1250,1300,1335,1350,1300,1250,1300,1350,1325,1300,1300,1350,1300
"75035","Frisco","TX","Dallas, TX","Collin",78,,,,,,,,,,,,,,,,,,,,,,,,,,,,,,1795,1895,1990,1950,1995,1900,1900,1897.5,1875,1872.5,1900,1937.5,1850,1850,1850,1850,1875,1895,1850,1895,1972.5,1997.5,1997.5,1950,1990,1950,1995,2000,1975,2000,2050,2095,2000,2097.5,2100,2025,2000,2025,2000,2000,1997.5,2097.5,2047.5,2000,1997.5,2095,2100,2022.5,2100,2195,2125,2195,2125,2100,2095,2100,2197,2100,2100,2100,2175,2100,2100
"32765","Oviedo","FL","Orlando, FL","Seminole",79,,,,,,,,,,,,,,,,,,,,,,,,,,,,,,,,,,,,,,,,,,,,,,,,,,,,,,,,,,,,,,,,,,,,,,,,,,1897.5,1900,1900,2025,2075,2002.5,1912.5,1875,1850,1909.5,1890,1905,1995,1975,1990,1950,1990,2100,2100
"94513","Brentwood","CA","San Francisco, CA","Contra Costa",80,,,,,,,,,,,,,,,,,,,,,,,,,,,,,,,,,,,,,,,,,,,,,,,,,,,,,,,,,,,,,,,,2495,2400,2495,2500,2497.5,2450,2400,2400,2375,2400,2400,2400,2550,2695,2625,2600,2600,2695,2650,2580,2597.5,2500,2500,2595,2795,2725,2725,2738.5,2700
"30101","Acworth","GA","Atlanta, GA","Cobb",81,,,,,,,,,,,,,,,,,,,,,,,,,,,,,,,,,,,,,,,,,,,,,,,,,,,,,,,,,,,,,,,,,,,,,,,,,1597,1550,1637,1599.5,1599,1595,1625,1610,1620,1637.5,1600,1595,1625,1697.5,1696,1695,1650,1695,1700,1800
"77346","Atascocita","TX","Houston, TX","Harris",82,,,,,,,,,,,,,,,,,,,,,,,,,,,,,,,,,,,,,1800,1700,1637.5,1600,1625,1650,1700,1785,1700,1700,1744.5,1714.5,1700,1762.5,1795,1800,1762.5,1750,1775,1767,1799.5,1775,1754.5,1775,1750,1787,1824.5,1995,1825,1729,1727,1800,1750,1725,1719,1625,1790,1799.5,1792,1795,1795,1800,1785,1795,1750,1750,1750,1750,1795,1782.5,1850,1950,1900,1895,1852.5,1850
"76137","Fort Worth","TX","Dallas, TX","Tarrant",83,,,,,,,,,,,,,,,,,,,,,,,,,,,,,,,,,,,,,,,,,,,,,,,,,,,,,,,,,,,,,,,,,,,,,,,,,,,1737.5,1755,1777.5,1745,1745,1700,1700,1607.5,1595,1550,1600,1595,1720,1775,1737.5,1750,1697.5,1747.5
"77070","Houston","TX","Houston, TX","Harris",84,,,,,,,,,,,,,,,,,,,,,,,,,,,,,,,,,,,,,,,,,,,,,,,,,,,,,,,,,,,,,,,,,,,,,,,,,,1647,1625,1795,1700,1747.5,1700,1700,1700,1695,1750,1700,1750,1797.5,1800,1750,1700,1775,1800,1900
"92562","Murrieta","CA","Palm Desert, CA","Riverside",85,,,,,,,,,,,,,,,,,,,,,,,,,,,,,,,,,,,,,,,,,,,,,,,,,,,,,,,,,,,,,,,,,,,,,,,,,2197.5,2300,2300,2225,2150,2272.5,2299.5,2200,2200,2150,2199,2300,2251,2250,2200,2250,2450,2412.5,2350,2350
"19104","Philadelphia","PA","Philadelphia, PA","Philadelphia",86,,,,,,,,,,,,,,,,,,,,,,,,,,,,,,,,,,,,,,,,,,,,,,,,,,,,,,,,,,,,,,,,,,,,,,,,,,2450,2400,2400,2400,2400,2260,2400,2300,2200,2400,2500,2500,2500,2500,2500,2500,2500,2400,2400
"02135","Boston","MA","Boston, MA","Suffolk",87,2600,2600,2600,2600,2550,2500,2500,2500,2550,2600,2700,2800,2700,2650,2650,2700,2750,2700,2749,2675,2800,2900,2800,2800,2800,2900,2950,2950,3000,3000,3000,3000,3000,2950,2950,2950,3000,3000,3000,3100,3150,3100,3100,3100,3200,3100,3199,3200,3200,3100,3175,3200,3200,3100,3100,3100,3095,3000,3050,3100,3200,3200,3200,3300,3300,3300,3300,3200,3200,3200,3200,3150,3400,3400,3400,3400,3400,3400,3400,3400,3400,3300,3400,3400,3400,3400,3400,3400,3500,3450,3400,3400
"89074","Henderson","NV","Las Vegas, NV","Clark",88,,,,,,,,,,,,,,,,,,,,,,,,,,,,,,,,,,,,,,,,,,,,,,,,,,,,,,,,,,,,,,,,,,,,1637.5,1650,1510,1672.5,1587.5,1724.5,1750,1750,1725,1700,1750,1795,1799.5,1600,1600,1750,1795,1795,1795,1760,1995,1872.5,1795,1900,1885
"28540","Jacksonville","NC","Jacksonville, NC","Onslow",89,,,,,,,,,,,,,,,,,,,,,,,,,,,,,,,,,,,,,,,,,,,,,,,,,,,,,,,,,,,,,,,,,,,,,,,,,1175,1050,1125,1150,1200,1150,1095,1035,1025,1050,1000,1037.5,1050,1147.5,1100,1087.5,1150,1250,1300,1262.5
"06511","New Haven","CT","Waterbury, CT","New Haven",90,,,,,,,,,,,,,,,,,,,,,,,,,,,,,,,,,,,,,,,,,,,,,,,,,,,,,,,,,,,,,,,,,,,,,,,,,,1500,1600,1600,1725,1700,1562.5,1597.5,1650,1650,1625,1650,1572.5,1650,1695,1750,1650,1700,1900,1684
"92620","Irvine","CA","Los Angeles, CA","Orange",91,,,,,,,,,,,,,,,,,,,,,,,,,,,,,,,,,,,,,,,,,,,,,,,,,,,,,,,,,,,,,,,,,,,,,,,,,3800,4000,4100,4075,4000,4272.5,4000,4000,4050,4050,4095,4200,4000,4000,4000,4100,4300,4200,4095,4200
"30144","Kennesaw","GA","Atlanta, GA","Cobb",92,,,,,,,,,,,,,,,,,,,,,,,,,,,,,,,,,,,,,,,,,,,,,,,,,,,,,,,,,,,,,,,,,,,,,,,,,1600,1650,1572.5,1575,1645,1695,1685,1700,1670,1691,1660,1650,1645,1645,1650,1700,1707,1775,1775,1740
"96706","Ewa Beach","HI","Honolulu, HI","Honolulu",93,,,,,,,,,,,,,,,,,,,,,,,,,,,,,,,,,,,,,,,,,,,,,,,,,,,,,,,,,,,,,,,,,,,,,,,,,3200,3200,3287.5,3400,3300,3275,3300,3125,3185,3000,3000,3000,3200,2925,3200,3200,3300,3375,3275,3300
"89147","Las Vegas","NV","Las Vegas, NV","Clark",94,,,,,,,,,,,,,1300,1300,1300,1350,1350,1350,1350,1350,1350,1300,1300,1297.5,1300,1300,1350,1495,1450,1400,1322.5,1300,1375,1385,1395,1395,1375,1400,1400,1400,1400,1420,1432.5,1375,1450,1450,1395,1395,1467.5,1425,1400,1450,1467.5,1450,1485,1496.5,1350,1400,1400,1395,1407.5,1500,1600,1535,1495,1600,1530,1395,1450,1487.5,1399,1485,1400,1450,1500,1650,1600,1650,1650,1574,1550,1550,1595,1595,1650,1600,1695,1697.5,1672.5,1650,1700,1750
"77373","Spring","TX","Houston, TX","Harris",95,,,,,,,,,,,,,,,,,,,,,,,,,,,,,,,,,,,,,,,,,,,,,,,,,,,,,,,,,,,,,,,,,,,,,,,,,1550,1550,1459,1450,1475,1550,1600,1530,1550,1500,1550,1575,1620,1650,1625,1600,1625,1650,1625,1600
"23456","Virginia Beach","VA","Virginia Beach, VA","Virginia Beach City",96,,,,,,,,,,,,,,,,,,,,,,,,,,,,,,,,,,,,,,,,,,,,,,,,,,,,,,,,,,,,,,,,,,,,,,,,,,1950,1985,1995,1950,2000,1950,1895,1995,1962.5,1897.5,1900,1925,1995,1947.5,2100,2150,2100,2000,1975
"92130","San Diego","CA","San Diego, CA","San Diego",97,,,,,,,,,,,,,,,,,,,,,,,,,,,,,,,,,,,,,,,,,,,,,,,,,,,,,,,,,,,,,,,,,,,,,,,,,4195,4295,4500,4500,4597,4400,4200,4325,4400,4500,4500,4500,4500,4400,4500,4597.5,4650,4495,4550,4600
"89129","Las Vegas","NV","Las Vegas, NV","Clark",98,,,,,,,,,,,,,,,,,,,,,,,,,,,,,,,,,,,,,,,,,,,,,,,,,,,,,,,,,,,,,,,,,,,,,,,,,1557.5,1495,1495,1500,1495,1511,1612.5,1500,1495,1590,1587.5,1547.5,1500,1500,1550,1650,1650,1650,1590,1597
"29229","Columbia","SC","Columbia, SC","Richland",99,,,,,,,,,,,,,,,,,,,,,,,,,,,,,,,,,,,,,,,,,,,,,,,,,,,,,,,,,,,,,,,,,,,,,,,,,1350,1350,1350,1397.5,1450,1550,1495,1495,1400,1450,1400,1400,1395,1380,1400,1435,1425,1425,1450,1450
"92563","Murrieta","CA","Palm Desert, CA","Riverside",100,,,,,,,1872.5,1972.5,1895,1895,1897.5,1950,1950,1897.5,1900,1900,1900,1900,1850,1850,1850,1850,1895,1895,1900,1895,1895,1895,1900,1900,1900,1900,1900,1900,1900,1895,1899,1895,1875,1895,1962.5,1925,1900,1950,1995,1975,1945,1937.5,1950,1950,1928,1998,2000,2000,2072.5,1999,1995,1995,2097.5,2000,1995,2000,2000,1995,2050,2100,2000,2100,2195,2091,2095,2095,2096,2195,2195,2200,2200,2150,2200,2295,2275,2272.5,2200,2177.5,2200,2295,2295,2300,2295,2295,2295,2395
"28546","Jacksonville","NC","Jacksonville, NC","Onslow",101,,,1225,1250,1200,1250,1257,1300,1300,1300,1250,1225,1195,1195,1150,1200,1250,1250,1237.5,1200,1221,1200,1197,1150,1150,1160,1160,1160,1237.5,1200,1195,1195,1162.5,1195,1100,1100,1100,1095,1075,1100,1200,1200,1200,1200,1195,1150,1100,1100,1100,1100,1100,1150,1195,1175,1150,1100,1100,1100,1100,1100,1150,1100,1112.5,1200,1200,1150,1150,1212.5,1100,1198.5,1100,1050,1100,1147.5,1150,1175,1200,1250,1200,1150,1100,1100,1100,1125,1137.5,1225,1162.5,1200,1262.5,1250,1250,1250
"75025","Plano","TX","Dallas, TX","Collin",102,,,,,,,,,,,,,,,,,,,,,,,,,,,,,1925,1970,1900,1900,1950,1950,1995,2022.5,1995,1950,1950,1950,1972.5,1995,2095,2097.5,1995,1995,1999,1995,1950,1995,2000,2095,2000,2100,2150,2200,2100,2147.5,2100,2072,1999.5,2072.5,2000,2000,2100,2100,2150,2200,2146,1995,2100,1995,2075,2150,2100,2195,2250,2200,2197.5,2150,2150,2100,2000,2000,2100,2100,2100,2100,2150,2195,2200,2250
"93312","Bakersfield","CA","Bakersfield, CA","Kern",103,,,,,,,,,,,,,,,,,,,,,,,,,,,,,,,,,,,,,,,,,,,,,,,,,,,,,,,,,,,,,,,,,,,,,,,,1600,1650,1650,1650,1650,1650,1662.5,1750,1750,1700,1725,1750,1750,1695,1695,1625,1675,1695,1695,1695,1675
"92037","San Diego","CA","San Diego, CA","San Diego",104,,,,,,,,,,,,,,,,,,,,,,,,,,,,,,,,,,,,,,,,,,,,,,,,,,,,,,,,,,,,,,,,,,,,,,,,,,,7500,7500,8000,8400,8000,7550,8000,7997.5,7995,7450,7500,8000,7500,7500,7700,7200,7200,6925
"30114","Canton","GA","Atlanta, GA","Cherokee",105,,,,,,,,,,,,,,,,,,,,,,,,,,,,,,,,,,,,,,,,,,,,,,,,,,,,,,,,,,,,,,,,,,,,,,,,1475,1517,1500,1550,1550,1550,1615,1600,1587.5,1577.5,1557.5,1575,1600,1582.5,1597.5,1595.5,1645,1645,1595,1595.5,1539
"92880","Eastvale","CA","Palm Desert, CA","Riverside",106,,,,,,,,,,,,,2300,2300,2300,2350,2300,2300,2300,2300,2300,2295,2300,2300,2312.5,2300,2300,2300,2285,2265,2300,2300,2300,2350,2300,2300,2300,2300,2300,2300,2300,2300,2350,2350,2300,2345,2300,2300,2300,2300,2300,2350,2300,2400,2400,2400,2400,2400,2400,2400,2400,2400,2437.5,2425,2400,2450,2500,2500,2300,2455,2500,2500,2499,2550,2550,2600,2568.5,2550,2550,2572.5,2550,2550,2500,2500,2500,2500,2595,2595,2600,2600,2600,2600
"77375","Tomball","TX","Houston, TX","Harris",107,,,,,,,,,,,,,,,,,,,,,,,,,,,,,,,,,,,,,,,,,,,,,,,,,,,,,,,,,,,,,,,,,,,,,,,,1650,1662.5,1675,1675,1800,1950,1995,1872.5,1850,1800,1850,1800,1850,1875,1900,1950,2000,1997.5,1950,2100,1900
"66502","Manhattan","KS","Manhattan, KS","Riley",108,,,,,,,,,,,,,,,,,,,,,,,,,,,,,,,,,,,,,,,,,,,,,,,,,,,,,,,,,,,,,,,,,,,,,,,,1400,1440,1440,1400,1345,1325,1350,1277.5,1250,1200,1150,1277.5,1400,1400,1440,1392.5,1380,1300,1250,1200,1200
"78258","San Antonio","TX","San Antonio, TX","Bexar",109,,,,,,,,,,,,,,,,,,,,,,,,,,,,,,,,,,,,,,,,,,,,,,,,,,,,,,,,,,,,,,,,,,,,,,2112.5,2000,2097.5,2272,2283.5,2265,2265,2255,2325,2265,2395,2254,2089,2119.5,2195,2200,2195,2200,2283.5,2200,2281,2325,2250
"78254","San Antonio","TX","San Antonio, TX","Bexar",110,,,,,,,,,,,,,,,,,,,,,,,,,,,,,,,,,,,,,,,,,,,,,,,,,,,,,,,,,,,,,,,,,,,,,,,,,1512.5,1650,1695,1650,1650,1600,1597.5,1650,1725,1650,1600,1562.5,1600,1595,1600,1670,1692.5,1650,1650,1600
"89148","Las Vegas","NV","Las Vegas, NV","Clark",111,,,,,,,,,,,,,1520,1495,1495,1450,1445,1495,1400,1395,1400,1395,1350,1350,1350,1350,1395,1495,1500,1475,1475,1450,1472.5,1450,1395,1400,1400,1450,1450,1450,1500,1522.5,1450,1500,1500,1450,1450,1462.5,1495,1450,1450,1499,1450,1400,1500,1595,1495,1495,1535,1500,1595,1595,1550,1495,1550,1550,1500,1450,1497,1495,1572.5,1500,1575,1632.5,1625,1650,1650,1600,1650,1695,1650,1650,1650,1650,1650,1650,1695,1695,1700,1750,1795,1685
"22554","Stafford","VA","Washington, DC","Stafford",112,,,,,,,,,,,,,,,,,,,,,,,,,,,,,,,,,,,,,,,,,,,,,,,,,,,,,,,,,,,,,,,,,,,,,,,,,2100,2150,2100,2272.5,2272.5,2200,2200,2100,2172.5,2150,2200,2175,2150,2150,2200,2250,2200,2250,2300,2200
"33033","Homestead","FL","Miami, FL","Miami-Dade",113,,,,,,,,,,,,,,,,,,,,,,,,,,,,,,,,,,,,,,,,,,,,,,,,,,,,,,,,,,,,,,,,,,,,,,1725,1600,1700,1800,1800,1800,1775,1800,1800,1800,1775,1850,1875,1821,1862.5,1772.5,1800,1850,1825,1847.5,1900,1900,1925
"33578","Riverview","FL","Tampa, FL","Hillsborough",114,,,,,,,,,,,,,,,,,,,,,,,,,,,,,,,,,,,,,,,,,,,,,,,,,,,,,,,,,,,,,,,,,,,,,,,,1500,1519,1530,1550,1517,1525,1550,1600,1610,1587.5,1600,1550,1550,1575,1550,1597.5,1600,1650,1665,1675,1690
"33178","Doral","FL","Miami, FL","Miami-Dade",115,2500,2500,2500,2562.5,2500,2650,2600,2600,2500,2500,2600,2575,2672.5,2650,2650,2700,2700,2700,2800,2600,2600,2600,2650,2700,2600,2600,2600,2700,2800,2750,2712.5,2700,2650,2662.5,2650,2650,2650,2650,2600,2595,2699,2750,2800,2800,2750,2750,2700,2700,2700,2800,2800,2800,2900,3000,2850,2899.5,2950,3000,2950,2900,2900,2900,2950,2950,3000,2800,2850,2874.5,2950,2900,2850,2750,2800,2850,2899.5,2850,2800,2900,2990,2900,2900,2900,2900,2925,2900,2900,3000,3000,3050,2990,2994.5,2950
"75024","Plano","TX","Dallas, TX","Collin",116,,,,,,,,,,,,,,,,,,,,,,,,,,,,,,,,,,,,,,,,,,,,,,,,,,,,,,,,,,,,,,,,,,,,,,,,,2272.5,2425,2292.5,2295,2345,2400,2300,2422.5,2400,2200,2200,2250,2300,2262.5,2225,2195,2400,2500,2425,2295
"32746","Lake Mary","FL","Orlando, FL","Seminole",117,,,,,,,,,,,,,,,,,,,,,,,,,,,,,,,,,,,,,,,,,,,,,,,,,,,,,,,,,,,,,,,,,,,,,,,,,,1990,2100,2195,2225,2325,2197.5,2200,2150,2022.5,2022.5,2000,2195,2295,2296,2200,2322.5,2350,2430,2300
"28173","Waxhaw","NC","Charlotte, NC","Union",118,,,,,,,,,,,,,,,,,,,,,,,,,,,,,,,,,,,,,,,,,,,,,,,,,,,,,,,,,,,,,,,,,,,,,,,,,2149,2080,2099,2089,1995,2097.5,2195,2195,2195,2095,2085,2090,2125,2097.5,2045,2150,2100,2100,2095,2112.5
"28117","Mooresville","NC","Charlotte, NC","Iredell",119,,,,,,,,,,,,,,,,,,,,,,,,,,,,,,,,,,,,,,,,,,,,,,,,,,,,,,,,,,,,,,,,,,,,,,,,,1782.5,1800,1800,1872.5,1972.5,1825,1995,1895,1795,1745,1735,1795,1725,1795,1795,1695,1800,1849,1800,1822.5
"30518","Sugar Hill","GA","Atlanta, GA","Gwinnett",120,,,,,,,,,,,,,,,,,,,,,,,,,,,,,,,,,,,,,,,,,,,,,,,,,,,,,,,,,,,,,,,,,,,,,,,,,,1650,1650,1625,1625,1695,1699.5,1650,1640,1610,1600,1600,1612.5,1699.5,1722.5,1725,1737.5,1786,1800,1705
"75068","Little Elm","TX","Dallas, TX","Denton",121,,,,,,,,,,,,,,,,,,,,,,,,,,,1695,1650,1650,1600,1625,1650,1597.5,1612.5,1600,1597.5,1597.5,1600,1597.5,1600,1650,1697.5,1650,1650,1695,1695,1700,1750,1795,1700,1737.5,1697.5,1750,1795,1795,1850,1850,1800,1785,1820,1895,1837.5,1850,1850,2000,1795,1750,1897.5,1850,1950,1800,1795,1795,1850,1800,1950,1995,1900,1950,1900,1900,1895,1850,1850,1850,1950,1950,1987.5,1950,1950,1895,1990
"28306","Fayetteville","NC","Fayetteville, NC","Cumberland",122,,,,,,,,,,,,,,,,,,,,,,,,,,,,,,,,,,,,,,,,,,,,,,,,,,,,,,,,,,,,,,,,,,,,,,,,,,1400,1400,1425,1450,1500,1400,1375,1397.5,1350,1450,1422.5,1475,1497.5,1475,1500,1500,1550,1600,1410
"30809","Evans","GA","Augusta, GA","Columbia",123,,,,,,,,,,,,,,,,,,,,,,,,,,,,,,,,,,,,,,,,,,,,,,,,,,,,,,,,,,,,,,,,,,,,,,,,1495,1500,1575,1595,1562.5,1595,1625,1600,1550,1550,1595,1575,1595,1622.5,1550,1575,1562.5,1599.5,1650,1600,1550
"33179","Ives Estates","FL","Miami, FL","Miami-Dade",124,,,,,,,,,,,,,,,,,,,,,,,,,,,,,,,,,,,,,,,,,,,,,,,,,,,,,,,,,,,,,,,,,,,,,,,,,,,,2600,2600,2550,2600,2750,2800,2750,2700,2750,2700,2725,2750,2950,3100,3100,3100,3100
"79928","Horizon City","TX","El Paso, TX","El Paso",125,,,,,,,,,,,,,,,,,,,,,,,,,,,,,,,,,,,,,,,,,,,,,,,,,,,,,,,,,,,,,,,,,,,,,,,,,,1150,1195,1195,1100,1100,1119.5,1125,1150,1175,1200,1250,1150,1230,1300,1299.5,1350,1349,1295,1325
"78253","San Antonio","TX","San Antonio, TX","Bexar",126,,,,,,,,,,,,,,,,,,,,,,,,,,,,,,,,,,,,,,,,,,,,,,,,,,,,,,,,,,,,,,,,,,,,,,,1600,1615,1692,1697.5,1695,1695,1787.5,1797.5,1800,1800,1750,1692,1725,1695,1695,1695,1695,1750,1750,1800,1750,1710
"19121","Philadelphia","PA","Philadelphia, PA","Philadelphia",127,,,,,,,,,,,,2200,2400,2300,2300,2200,2197.5,2100,2000,2000,2000,2100,2200,2280,2200,2260,2300,2260,2100,2100,2000,2000,2000,2200,2400,2100,2200,2200,2200,2200,2000,2000,2000,2000,2000,2000,2200,2200,2200,2200,2200,2200,2200,2100,2000,2000,2100,2200,2200,2200,2200,2200,2200,2200,2200,2100,2000,2000,2000,2200,2200,2400,2200,2200,2200,2200,2200,2200,2200,2200,2200,2400,2300,2300,2300,2260,2200,2200,2200,2200,2100,2100
"30097","Duluth","GA","Atlanta, GA","Gwinnett",128,,,,,,,,,,,,,,,,,,,,,,,,,,,,,,,,,,,,,,,,,,,,,,,,,,,,,,,,,,,,,,,,,,,,,,,,,1950,2100,2025,2025,2050,2047.5,2200,2100,2050,2000,1995,2000,2050,2025,2050,2000,2100,2100,2100,2100
"75071","McKinney","TX","Dallas, TX","Collin",129,,,,,,,,,,,,,,,,,,,,,,,,,,,,,,,,,,,,,,,,,,,,,,,,,,,,,,,,,,,,,,,,,,,,,,,1850,1800,1795,1900,1950,1950,1950,1900,1895,1895,1837.5,1812.5,1850,1850,1850,1900,1900,1895,1987.5,1995,1972.5,1912.5
"33177","South Miami Heights","FL","Miami, FL","Miami-Dade",130,,,,,,,,,,,,,,,,,,,,,,,,,,,,,,,,,,,,,,,,,,,,,,,,,,,,,,,,,,,,,,,,,,,,,,,,,,,,,2199,2200,2200,2300,2300,2410,2335,2224.5,2296,2250,2207.5,2200,2225,2200,2229,2200
"91765","Diamond Bar","CA","Los Angeles, CA","Los Angeles",131,,,,,,,,,,,,,,,,,,,,,,,,,,,,,,,,,,,,,,,,,,,,,,,,,,,,,,,,,,,,,,,,,,,,,,,,,,2899,2850,2800,2800,2850,2850,2850,2950,2950,2975,2997.5,2950,3000,2987.5,2950,2950,3100,3000,2950
"89131","Las Vegas","NV","Las Vegas, NV","Clark",132,,,,,,,,,,,,,,,,,,,,,,,,,,,,,,,,,,,,,,,,,,,,,,,,,,,,,,,,,,,,,,,,,,,,,,,,,1595,1660,1650,1695,1695,1730,1695,1695,1600,1597,1677.5,1695,1695,1665,1672.5,1697,1800,1797.5,1822.5,1750
"77407","Richmond","TX","Houston, TX","Fort Bend",133,,,,,,,,,,,,,,,,,,,,,,,,,,,,,,,,,,,,,,,1897.5,1900,2000,2095,2100,2150,1950,1900,1972.5,2100,2197.5,1932.5,1825,1895,1925,1895,1872.5,1850,1850,1850,1890,1900,1975,1850,1850,1950,1800,1990,1899,1900,1925,1950,1849,1850,1950,1950,1950,1950,1950,1897,1897.5,1962.5,1962.5,1999,2000,1900,1850,1825,1850,1850,1900,1900,1900,2000
"30039","Snellville","GA","Atlanta, GA","Gwinnett",134,,,,,,,,,,,,,,,,,,,,,,,,,,,,,,,,,,,,,,,,,,,,,,,,,,,,,,,,,,,,,,,,,,,,,,,,,1399,1469,1495,1479.5,1487,1559,1539.5,1499,1495,1487.5,1495,1495,1495,1505.5,1500,1564,1560.5,1556,1562,1549.5
"92618","Irvine","CA","Los Angeles, CA","Orange",135,,,,,,,,,,,,,,,,,,,,,,,,,,,,,,,,,,,,,,,,,,,,,,,,,,,,,,,,,,,,,,,,,,,,,,,,,4000,4175,4125,4100,4100,4000,4125,4175,4150,4200,4250,4000,4200,4200,4175,4450,4500,4500,4280,4400
"32712","Apopka","FL","Orlando, FL","Orange",136,,,,,,,,,,,,,,,,,,,,,,,,,,,,,,,,,,,,,,,,,,,,,,,,,,,,,,,,,,,,,,,,,,,,,,,,,1750,1785,1737.5,1800,1750,1825,1755,1760,1779.5,1783,1775,1800,1800,1795,1799,1795,1815,1795,1850,1875
"02127","Boston","MA","Boston, MA","Suffolk",137,,,,,,,,,,,,,,,,,,,,,,,,,,,,,,,,,,,,,,,,,,,,,,,,,,,,,,,,,,,,,,,,,,,,,,,,,,4200,4500,4800,4800,4800,4400,4200,4000,4000,4200,4200,4000,3995,4600,4500,4500,4800,4800,4500
"33196","The Hammocks","FL","Miami, FL","Miami-Dade",138,,,,2025,2150,2150,2150,2292.5,2300,2250,2200,2100,2200,2200,2200,2175,2175,2100,2270,2300,2200,2185,2200,2200,2200,2200,2300,2300,2300,2300,2300,2300,2289,2282,2299,2265,2275,2299,2299,2250,2295,2250,2272.5,2310,2300,2300,2300,2325,2300,2202.5,2262.5,2312.5,2272.5,2300,2300,2290,2292.5,2300,2400,2350,2300,2300,2300,2250,2450,2350,2500,2300,2450,2395,2265,2200,2250,2300,2292,2400,2450,2410.5,2449.5,2485,2475,2500,2462.5,2475,2500,2500,2450,2500,2540,2497.5,2500,2500
"78109","Converse","TX","San Antonio, TX","Bexar",139,,,,,,,,,,,,,,,,,,,,,,,,,,,,,,,,,,,,,,,,,,,,,,,,,,,,,,,,,,,,,,,,,,,,,,,,,1400,1400,1400,1400,1400,1450,1475,1450,1400,1450,1450,1450,1450,1450,1437.5,1475,1475,1495,1525,1545
"77388","Spring","TX","Houston, TX","Harris",140,,,,,,,,,,,,,,,,,,,,,,,,,,,,,,,,,,,,,,,,,,,,,,,,,,,,,,,,,,,,,,,,,,,,,,,,,1700,1650,1695,1650,1675,1695,1695,1695,1695,1700,1725,1825,1822,1799,1750,1750,1750,1762.5,1750,1750
"77498","Sugar Land","TX","Houston, TX","Fort Bend",141,,,,,,,,,,,,,,,,,,,,,,,,,,,,,,,,,,,,,,,,,,,,,,,,,,,,,,,,,,,,,,,,,,,,,,,,,,,1775,1850,1850,1850,1800,1797.5,1850,1825,1850,1875,1875,1875,1800,1812.5,1795,1850,1825,1750
"89128","Las Vegas","NV","Las Vegas, NV","Clark",142,,,,,,,,,,,,,,,,,,,,,,,,,,,,,,,,,,,,,,,,,,,,,,,,,,,,,,,,,,,,,,,,,,,,,,,,,1450,1500,1487.5,1700,1600,1672.5,1737.5,1650,1650,1600,1595,1605,1600,1600,1725,1795,1699,1712,1750,1795
"30519","Buford","GA","Atlanta, GA","Gwinnett",143,,,,,,,,,,,,,,,,1295,1300,1350,1350,1300,1295,1395,1375,1350,1395,1395,1395,1395,1310,1350,1362.5,1395,1397.5,1400,1400,1400,1400,1400,1400,1400,1437.5,1400,1400,1425,1400,1450,1450,1462.5,1450,1450,1500,1500,1525,1500,1500,1495,1495,1480,1500,1547,1500,1500,1550,1542.5,1500,1500,1525,1500,1507,1507.5,1500,1460,1522.5,1550,1595,1600,1610,1650,1640.5,1670,1647.5,1650,1650,1650,1676,1695,1700,1700,1710,1750,1700,1690
"32259","Fruit Cove","FL","Jacksonville, FL","Saint Johns",144,,,,,,,,,,,,,,,,,,,,,,,,,,,,,,,,,,,,,,,,,,,,,,,,,,,,,,,,,,,,,,,,,,,,,,,,,1899,1895,1900,2125,1997.5,2067.5,2102.5,2075,1925,1950,1995,2034.5,2000,1995,1995,2031,2157,2047.5,2050,2050
"34746","Kissimmee","FL","Orlando, FL","Osceola",145,,,,,,,,,,,,,,,,,,,,,,,,,,,,,,,,,,,,,,,,,,,,,1350,1400,1390,1395,1395,1400,1475,1450,1450,1450,1450,1495,1450,1450,1497.5,1495,1497.5,1497.5,1500,1500,1550,1495,1500,1555,1550,1497.5,1500,1495,1595,1500,1597.5,1650,1595,1500,1550,1600,1599,1550,1550,1600,1650,1695,1642.5,1650,1700,1750,1674.5,1650
"77469","Richmond","TX","Houston, TX","Fort Bend",146,,,,,,,,,,,,,,,,,,,,,,,,,,,,,,,,,,,,,,,,,,,,,,,,,,,,,,,,,,,,,,,,,,,,,,,,,1875,1900,1850,1850,1850,1800,1800,1800,1750,1825,1895,1825,1800,1800,1800,1850,1875,1850,1825,1900
"34786","Windermere","FL","Orlando, FL","Orange",147,,,,,,,,,,,,,,1925,2200,2100,2100,2100,2200,2050,2250,2275,2000,2212.5,2000,1975,1950,1995,2200,2295,2295,2272.5,2247.5,2200,2195,2100,2100,2100,2100,2100,2050,1900,2000,2000,2000,2050,1995,1990,2050,2085,2095,2200,2125,2200,2150,2350,2297.5,2225,2150,2100,2150,2200,2300,2350,2325,2395,2200,2200,2422.5,2200,2285,2300,2300,2397.5,2275,2500,2500,2450,2627.5,2525,2475,2450,2300,2400,2400,2537.5,2400,2400,2447.5,2400,2475,2500
"77406","Richmond","TX","Houston, TX","Fort Bend",148,,,,,,,,,,,,,,,,,,,,,,,,,,,,,,,,,,,,,,,,,,,,,,,,,,,,,,,,,,,,,,,,,,,,,,,,,1850,1850,1800,1885,1985,1950,1985,2050,1999.5,1995,1900,1995,2000,1900,1900,1900,1972.5,2100,2100,1962.5
"20148","Ashburn","VA","Washington, DC","Loudoun",149,,,,,,,,,,,,,,,,,,,,,,,,,,,,,,,,,,,,,,,,,,,,,,,,,,,,,,,,,,,,,,,,,,,,,,,,,,,2625,2647.5,2700,2600,2750,2750,2790,2645,2800,2700,2590,2550,2600,2850,2750,2900,2837.5,2794.5
"02472","Watertown","MA","Boston, MA","Middlesex",150,,,,,,,,,,,,,,,,,,,,,,,,,,,,,,,,,,,,,,,,,,,,,,,,,,,,,,,,,,,,,,,,,,,,,,,,,2900,3100,3100,3100,3200,3100,3000,2950,2950,2900,2850,2850,2850,3300,3275,3250,3200,3000,3000,3000
"33172","Fountainbleau","FL","Miami, FL","Miami-Dade",151,,,,,,,,,,,,,,,,,,,,,,,,,,,,,,,,,,,,,,,,,,,,,,,,,,,,,,,,,,,,,,,,,,,,,,,,,,,,3150,3100,3200,3100,3100,3100,3100,3050,3075,3025,3100,2850,2999,3000,3000,3100,3200
"02139","Cambridge","MA","Boston, MA","Middlesex",152,,,,,,,,,,,,,,,,,,,,,,,,,4000,4000,4000,4000,4000,3675,3800,3850,3800,3975,3975,3800,3800,3950,3950,3912.5,3850,3800,4000,4000,3800,3699.5,3550,3574.5,3800,3800,3962.5,4000,4000,3997.5,3800,3800,3600,3300,3250,3450,3500,3625,4000,4200,4400,4100,4050,4100,4000,3700,3850,3800,4000,4100,4100,4225,4400,4400,4300,4200,4175,4000,4000,4000,4000,4500,4500,4450,4400,4300,4400,4500
"02130","Boston","MA","Boston, MA","Suffolk",153,,,,,,,,,,,,,,,,,,,,,,,,,3000,3000,3000,3000,3000,3200,3100,3200,3200,3000,3000,3200,3200,3200,3000,3100,3100,3200,3100,3000,3000,3000,3200,3200,3325,3300,3400,3400,3400,3400,3200,3200,3000,3000,3000,3200,3400,3500,3400,3400,3450,3400,3500,3400,3400,3200,3225,2975,3400,3450,3475,3600,3600,3650,3600,3495,3495,3495,3500,3600,3600,3600,3600,3600,3695,3700,3700,3550
"02138","Cambridge","MA","Boston, MA","Middlesex",154,,,,,,,,,,,,,,,,,,,,,,,,,,,,,,,,,,,,,,,,,,,,,,,,,,,,,,,,,,,,,,,,,,,,,,,,,,,4700,4500,4800,4600,4500,4500,4500,4000,4000,4000,4000,4000,4150,4500,4400,4400,4400,4200
"33193","Kendall West","FL","Miami, FL","Miami-Dade",155,,,,,,,,,,,,,,,,,,,,,,,,,,,,,,,,,,,,,,,,,,,,,,,,,,,,,,,,,,,,,,,,,,,,,,,,,2300,2300,2300,2295,2295,2174.5,2212.5,2300,2365,2300,2300,2400,2300,2420,2425,2440,2370.5,2395,2400,2500
"92557","Moreno Valley","CA","Palm Desert, CA","Riverside",156,,,,,,,,,,,,,,,,,,,,,,,,,,,,,,,,,,,,,,,,,,,,,,,,,,,,,,,,,,,,,,,,,,,,,,,,,,,,1900,1925,1932.5,1925,1937.5,1847.5,1825,1825,1860,1900,1900,1950,1950,1995,1995,1995,1949.5
"30813","Grovetown","GA","Augusta, GA","Columbia",157,,,,,,,,,,,,,,,,,,,,,,,,,,1285,1297.5,1300,1295,1275,1275,1237.5,1200,1225,1250,1250,1250,1250,1250,1250,1250,1250,1295,1295,1295,1295,1250,1250,1295,1350,1350,1295,1295,1300,1300,1350,1300,1295,1285,1300,1300,1300,1350,1395,1395,1395,1350,1375,1250,1312.5,1275,1300,1337.5,1350,1400,1400,1400,1350,1350,1395,1412.5,1395,1375,1362.5,1350,1350,1325,1395,1450,1400,1400,1400
"30019","Dacula","GA","Atlanta, GA","Gwinnett",158,,,,,,,,,,,,,,,,,,,,,,,,,,,,,,,,,,,,,,,,,,,,,,,,,,,,,,,,,,,,,,,,,,,,,,,,,,,1577.5,1600,1642,1600,1587,1575,1580,1545,1595,1550,1595,1600,1675,1670,1700,1650,1650,1650
"02128","Boston","MA","Boston, MA","Suffolk",159,,,,,,,,,,,,,,,,,,,,,,,,,,,,,,,,,,,,,,,,,,,,,,,,,,,,,,,,,,,,,,,,,,,,,,,,,,3000,3000,2950,2900,2900,2997.5,3100,3000,3000,3000,3000,3112.5,3100,3100,3100,3200,3200,3100,3100
"75013","Allen","TX","Dallas, TX","Collin",160,,,,,,,,,,,,,,,,,,,,,,,,,,,,,,,,,,,,,,,,,,,,,,,,,,,,,,,,,,,,,,,,,,,,,,,,,,2297.5,2425,2450,2425,2348,2475,2400,2397.5,2500,2372.5,2500,2300,2295,2300,2300,2300,2495,2597.5,2425
"94582","San Ramon","CA","San Francisco, CA","Contra Costa",161,,,,,,,,,,,,,,,,,,,,,,,,,,,,,,,,,,,,,,,,,,,,,,,,,,,,,,,,,,,,,,,,,,,,,,,,,3900,4250,4300,4300,4300,4500,4500,4495,4295,4295,4200,3995,4250,4200,4200,4050,4200,4100,4000,4000
"98006","Bellevue","WA","Seattle, WA","King",162,,,,,,,,,,,,,,,,,,,,,,,,,,,,,,,,,,,,,,,,,,,,,,,,,,,,,,,,,,,,,,,,,,,,,,,,,3200,3500,3495,3400,3300,3500,3599,3300,3300,3200,3200,3200,3350,3395,3225,3495,3495,3350,3400,3300
"02446","Brookline","MA","Boston, MA","Norfolk",163,,,,,,,,,,,,3300,3400,3500,3500,3600,3600,3600,3600,3600,3600,3700,3700,3700,3725,3772.5,3800,3800,3800,3800,3800,3700,3700,3695,3800,3800,3900,4000,4000,4100,3995,4000,3900,3800,3700,3700,3800,3950,4000,4000,4000,4000,4000,4000,4000,3950,3800,3800,4000,4100,4200,4200,4150,4100,4000,4000,4000,3950,3900,3900,3800,4100,4400,4450,4200,4200,4200,4100,4100,4200,4100,4100,4450,4700,4500,4550,4500,4400,4400,4500,4800,4795
"32824","Orlando","FL","Orlando, FL","Orange",164,,,,,,,,,,,,,,,,,,,,,,,,,,,,,,,,,,,,,,,,,,,,,,,,,,,,,,,,,,,,,,,,,,,,,,,1574,1587.5,1662.5,1695,1639.5,1600,1625,1695,1695,1755,1720.5,1750,1799,1749.5,1720,1750,1760,1800,1850,1850,1800,1850
"33018","Hialeah","FL","Miami, FL","Miami-Dade",165,,,,,,,,,,,,,,,,,,,,,,,,,,,,,,,,,,,,,,,,,,,,,,,,,,,,,,,,,,,,,,,,,,,,,,,,,2587.5,2700,2750,2700,2675,2750,2700,2737.5,2787.5,2787.5,2700,2650,2625,2600,2700,2700,2700,2650,2650,2750
"76210","Denton","TX","Dallas, TX","Denton",166,,,,,,,,,,,,,,,,,,,,,,,,,,,,,,,,,,,,,,,,,,,,,,,,,,,,,,,,,,,,,,,,,,,,,,,,,,,,,,,,,1875,1847.5,1800,1770,1795,1800,1800,1795,1800,1797.5,1800,1890
"33029","Pembroke Pines","FL","Miami, FL","Broward",167,,,,,,,,,,,,,,,,,,,,,,,,,,,,,,,,,,,,,,,,,,,,,,,,,,,,,,,,,,,,,,,,,,,,,,,,,2690,2622,2615,2630,2690,2600,2650,2600,2625,2600,2650,2640,2722.5,2675,2650,2600,2803,2800,2720,2600
"92591","Temecula","CA","Palm Desert, CA","Riverside",168,,,,,,,,,,,,,,,,,,,,,,,,,,,,,,,,,,,,,,,,,,,,,,,,,,,,,,,,,,,,,,,,,,,,,,,,,,2155,2180,2200,2195,2300,2300,2300,2225,2200,2200,2197.5,2200,2200,2300,2300,2350,2325,2300,2250
"94531","Antioch","CA","San Francisco, CA","Contra Costa",169,,,,,,,,,,,,,,,,,,,,,,,,,,,,,,,,,,,,,,,,,,,,,,,,,,,,,,,,,,,,,,,,,,,,,,,,2100,2300,2300,2300,2350,2150,2300,2300,2465,2400,2300,2387.5,2400,2400,2400,2400,2495,2500,2400,2495,2450
"89139","Las Vegas","NV","Las Vegas, NV","Clark",170,,,,,,,,,,,,,,,,,,,,,,,,,,,,,,,,,,,,,,,,,,,,,,,,,,,,,,,,,,,,,,,,,,,,,,,,,1495,1519.5,1600,1537.5,1595,1600,1695,1600,1600,1662.5,1650,1650,1750,1895,1695,1645,1650,1695,1800,1850
"77073","Houston","TX","Houston, TX","Harris",171,,,,,,,,,,,,,,,,,,,,,,,,,,,,,,,,,,,,,,,,,,,,,,,,,,,,,,,,,,,,,,,,,,,,,,,,1400,1400,1395,1425,1425,1425,1450,1445,1450,1440,1440,1425,1425,1450,1425,1425,1450,1500,1500,1495,1495
"30213","Fairburn","GA","Atlanta, GA","Fulton",172,,,,,,,,,,,,,,,,,,,,,,,,,,,,,,,,,,,,,,,,,,,,,,,,,,,,,,,,,,,,,,,,,,,,,,,,,,,,,,,1495,1525,1555,1500,1542.5,1512.5,1560,1530,1525,1475,1537.5,1524.5,1519,1509.5
"95835","Sacramento","CA","Sacramento, CA","Sacramento",173,,,,,,,,,,,,,,,,,,,,,,,,,,,,,,,,,,,,,,,,,,,,,,,,,,,,,,,,,,,,,,,,,,,,,,,,,,,,,,,,2142.5,2099,2099,2147.5,2100,2100,2172.5,2195,2195,2197.5,2295,2250,2295
"28079","Indian Trail","NC","Charlotte, NC","Union",174,,,,,,,,,,,,,,,,,,,,,,,,,,,,,,,,,,,,,,,,,,,,,,,,,,,,,,,,,,,,,,,,,,,,,,,,,,,1695,1697,1712.5,1742,1699,1695,1664.5,1660,1650,1595,1650,1695,1695,1755,1750,1742.5,1725,1725
"33032","Princeton","FL","Miami, FL","Miami-Dade",175,,,,,,,,,,,,,,,,,,,,,,,,,,,,,,,,,,,,,,,,,,,,,,,,,,,,,,,,,,,,,,,,,,,1850,1985,2075,1875,1800,1800,1877.5,2000,2000,1999,1950,1950,1962.5,1950,1950,1925,1950,1950,2000,1975,1950,1962.5,2000,1950,1972.5,1950
"91789","Walnut","CA","Los Angeles, CA","Los Angeles",176,,,,,,,,,,,,,,,,,,,,,,,,,,,,,,,,,,,,,,,,,,,,,,,,,,,,,,,,,,,,,,,,,,,,,,,,,,2900,3000,2875,2999,3000,2990,3050,3040,3200,3100,3100,2989.5,2950,2925,2950,2997.5,3000,2995,3000
"32065","Orange Park","FL","Jacksonville, FL","Clay",177,,,,,,,,,,,,,,,,,,,,,,,,,,,,,,,,,,,,,,,,,,,,,,,,,,,,,,,,,,,,,,,,,,,,,,,,,1575,1500,1575,1595,1625,1660,1625,1572,1605,1620,1600,1595,1595,1612.5,1687.5,1689.5,1600,1695,1700,1695
"30078","Snellville","GA","Atlanta, GA","Gwinnett",178,,,,,,,,,,,,,,,,,,,,,,,,,,,,,,,,,,,,,,,,,,,,,,,,,,,,,,,,,,,,,,,,,,,,,,,,,,,,,,,,1500,1506,1550,1567,1579,1577.5,1550,1530,1550,1534.5,1645,1695,1646
"92651","Laguna Beach","CA","Los Angeles, CA","Orange",179,,,,,,,,,,,,,,,,,,,,,,,,,,,,,,,,,,,,,,,,,,,,,,,,,,,,,,,,,,,,,,,,,,,,,,,,,,,9500,9725,9250,9000,8250,9625,9200,9975,9725,10000,9975,9000,9250,10000,10000,10750,11500,10750
"89178","Las Vegas","NV","Las Vegas, NV","Clark",180,,,,,,,,,,,,,,,,,,,,,,,,,,,,,,,,,,,,,,,,,,,,,,,,,,,,,,,,,,,,,,,,,,,,,,,,,1550,1497.5,1595,1595,1550,1595,1595,1600,1625,1595,1650,1672.5,1595,1525,1665,1695,1650,1637.5,1650,1695
"02840","Newport","RI","Providence, RI","Newport",181,,,,,,,,,,,,,,,,,,,,,,,,,,,,,,,,,,,,,,,,,,,,,,,,,,,,,,,,,,,,,,,,,,,2200,2300,2267.5,2350,2350,2450,2500,2700,2725,2600,2600,2450,2650,2400,2400,2400,2500,2600,2600,2775,2800,2800,2800,2850,2700,2500
"33326","Weston","FL","Miami, FL","Broward",182,,,,,,,,,,,,,,,,,,,,,,,,,,,,,,,,,,,,,,,,,,,,,,,,,,,,,,,,,,,,,,,,,,,,,,,,,,,,,2975,2950,2950,2850,2850,3000,3000,3100,3150,2975,3000,3100,3125,3200,3165,3000
"89135","Las Vegas","NV","Las Vegas, NV","Clark",183,,,,,,,,,,,,,,,,,,,,,,,,,,,,,,,,,,,,,,,,,,,,,,,,,,,,,,,,,,,,,,,,,,,,,,,,,,,,,,2204,2135,2200,2200,2200,2050,2000,2000,2050,2032.5,2100,2150,2150,2250,2222.5
"32092","Saint Augustine","FL","Jacksonville, FL","Saint Johns",184,,,,,,,,,,,,,,,,,,,,,,,,,,,,,,,,,,,,,,,,,,,,,,,,,,,,,,,,,,,,,,,,,,,,,,,,,1797.5,1775,1797.5,1862.5,1875,1895,1917.5,1897.5,1895,1825,1847.5,1895,1875,1895,1995,1972.5,1995,1995,1995,1950
"33594","Valrico","FL","Tampa, FL","Hillsborough",184,,,,,,,,,,,,,,,,,,,,,,,,,,,,,,,,,,,,,,,,,,,,,,,,,,,,,,,,,,,,,,,,,,,,,,,,,1599,1609,1687,1699,1760,1850,1750,1682.5,1630,1650,1675,1590,1589.5,1687.5,1725,1747.5,1750,1745,1745,1700
"75033","Frisco","TX","Dallas, TX","Denton",186,,,,,,,,,,,,,,,,,,,,,,,,,,,,,,,,,,,,,,,,,,,,,,,,,,,,,,,,,,,,,,,,,,,,,,,,,,2197.5,2250,2475,2525,2500,2400,2397.5,2395,2300,2225,2300,2362.5,2350,2350,2300,2395,2500,2495,2450
"02125","Boston","MA","Boston, MA","Suffolk",187,,,,,,,,,,,,,,,,,,,,,,,,,,,,,,,,,,,,,,,,,,,,,,,,,,,,,,,,,,,,2400,2700,2800,2900,2900,2900,2950,2800,2800,2600,2550,2400,2600,3000,3000,3000,3200,3200,3200,3100,3100,3000,2850,2850,2947.5,2900,3000,3150,3200,3200,3150,3000,2900
"02118","Boston","MA","Boston, MA","Suffolk",188,,,,,,,,,,,,,,,,,,,,,,,,,,,,,,,,,,,,,,,,,,,,,,,,,,,,,,,,,,,,,,,,,,,,,,,,,5250,5200,5200,5200,5200,5100,5000,5000,5000,5000,5000,5000,5350,5500,5350,5500,5600,5300,4800,4800
"33156","Pinecrest","FL","Miami, FL","Miami-Dade",189,,,,,,,,,,,,,,,,,,,,,,,,,,,,,,,,,,,,,,,,,,,,,,,,,,,,,,,,,,,,,,,,,,,,,,,,,,,,,5750,5445,5445,5500,5800,5737.5,4800,5000,5500,5500,5450,5300,4900,5100,5450,5000
"66441","Junction City","KS","Junction City, KS","Geary",190,,,,,,,,,,,,,,,,,,,,,,,,,,,,,,,,,,,,,,,,,,,,,,,,,,,,,,,,,,,,,,,,,,,,,,,,,,1200,1200,1200,1262.5,1250,1237.5,1200,1200,1250,1250,1225,1200,1200,1225,1250,1237.5,1250,1300,1250
"77389","The Woodlands","TX","Houston, TX","Harris",191,,,,,,,,,,,,,,,,,,,,,,,,,,,,,,,,,,,,,,2500,2475,2500,2690,2500,2472.5,2625,2500,2500,2500,2500,2500,2500,2525,2500,2600,2600,2575,2500,2500,2437.5,2400,2450,2397.5,2400,2400,2500,2500,2400,2600,2450,2400,2370,2400,2300,2310,2200,2325,2350,2365,2300,2300,2250,2200,2200,2400,2500,2445,2300,2250,2400,2490,2500,2500,2400
"33076","Parkland","FL","Miami, FL","Broward",192,,,,,,,,,,,,,,,,,,,,,,,,,,,,,,,,,,,,,,,,,,,,,,,,,,,,,,,,,,,,,,,,,,,,,,,,3072.5,2800,2797.5,2800,2825,3000,3007,2962.5,3200,3200,3350,3350,2950,2950,3047.5,3035,3200,3400,3200,3125,2992.5
"11937","East Hampton","NY","New York, NY","Suffolk",193,,,,,,,,,,,,,,,,,,,,,,,,,,,,,,,,,,,,,,,,,,,,,,,,,,,,,,,,,,,,,,,,,,,,,,,,,44500,48000,40000,39000,38500,39000,35000,35000,36000,39000,35000,35000,35000,34000,30000,30000,30000,28500,28500,28000
"22101","Mc Lean","VA","Washington, DC","Fairfax",194,,,,,,,,,,,,,,,,,,,,,,,,,,,,,,,,,,,,,,,,,,,,,,,,,,,,,,,,,,,,,,,,,,,,,,,,,,3800,3700,3800,3900,3850,4000,3700,3700,3500,3547.5,3600,3600,3475,3500,3600,3600,3600,3625,3600
"89081","North Las Vegas","NV","Las Vegas, NV","Clark",195,,,,,,,1295,1295,1250,1250,1200,1250,1225,1235,1200,1250,1272.5,1300,1250,1197,1200,1200,1195,1200,1200,1195,1200,1200,1200,1200,1245,1245,1225,1250,1275,1200,1200,1200,1250,1200,1250,1250,1200,1200,1200,1262.5,1250,1250,1249,1250,1250,1250,1250,1200,1225,1250,1250,1200,1225,1250,1250,1295,1292.5,1295,1250,1295,1250,1295,1250,1250,1250,1250,1295,1304.5,1350,1395,1395,1375,1375,1350,1400,1400,1397.5,1350,1350,1400,1462.5,1472.5,1425,1432.5,1412.5,1495
"30045","Lawrenceville","GA","Atlanta, GA","Gwinnett",196,,,,,,,,,,,,,,,,,,,,,,,,,,,,,,,,,,,,,,,,,,,,,,,,,,,,,,,,,,,,,,,,,,,,,,,,1495,1472,1465,1509.5,1569.5,1579,1563,1505,1525,1530,1545,1545,1560,1585,1575,1595,1600,1632.5,1600,1600,1650
"02119","Boston","MA","Boston, MA","Suffolk",197,,,,,,,,,,,,,,,,,,,,,,,,,,,,,,,,,,,,,,,,,,,,,,,,,,,,,,,,,,,,,,,,,,,,,,,,,3200,3250,3300,3300,3300,3250,3075,3000,2900,2900,3200,3200,3400,3275,3275,3300,3225,3150,3100,3000
"75032","Rockwall","TX","Dallas, TX","Rockwall",198,,,,,,,,,,,,,,,,,,,,,,,,,,,,,,,,,,,,,,,,,,,,,,,,,,,,,,,,,,,,,,,,,,,,,,,,,,,,,,,,,1995,1950,1947.5,1995,1997.5,2050,2010,1995,1995,2072.5,1995,1985
"89141","Las Vegas","NV","Las Vegas, NV","Clark",199,,,,,,,,,,,,,,,,,,,,,,,,,,,,,,,,,,,,,,,,,,,,,,,,,,,,,,,,,,,,,,,,,,,,,,,,,1585,1591,1600,1650,1625,1672.5,1612.5,1725,1650,1600,1617.5,1600,1650,1650,1650,1795,1800,1795,1662.5,1712.5
"02143","Somerville","MA","Boston, MA","Middlesex",200,,,,,,,,,,,,,,,,,,,,,,,,,,,,,,,,,,,,,,3150,3400,3500,3500,3400,3400,3300,3350,3250,3200,3200,3147.5,3147.5,3400,3350,3500,3550,3550,3500,3300,3325,3000,3000,3000,3000,3500,3400,3600,3800,3562.5,3800,3600,3200,3200,3000,3000,3400,3600,3700,3750,3750,3792.5,3500,3500,3800,3447.5,3300,3300,3500,3900,4050,4120,4100,4050,4000
"78260","San Antonio","TX","San Antonio, TX","Bexar",201,,,,,,,,,,,,,,,,,,,,,,,,,,,,,,,,,,,,,,,,,,,,,,,,,,,,,,,,,,,,,,,,,,,,,,,,,,2150,2145,2250,2300,2270,2195,2100,2100,2100,2100,2100,2100,2095,2295,2295,2197.5,2200,2200,2195
"31324","Richmond Hill","GA","Savannah, GA","Bryan",202,,,,,,,,,,,,,,,,,,,,,,,,,,,,,,,,,,,,,,,,,,,,,,,,,,,,,,,,,,,,,,,,,,,,,,,,,,1700,1725,1750,1725,1725,1750,1700,1695,1700,1750,1775,1750,1700,1737.5,1800,1800,1750,1762.5,1800
"78244","San Antonio","TX","San Antonio, TX","Bexar",203,,,,,,,,,,,,,,,,,,,,,,,,,,,,,,,,,,,,,,,,,,,,,,,,,,,,,,,,,,,,,,,,,,,,,,,,,,,,,,1400,1425,1397.5,1385,1325,1375,1300,1325,1310,1350,1395,1395,1395,1485,1445
"02144","Somerville","MA","Boston, MA","Middlesex",204,,,,,,,,,,,,,,,,3000,3000,3000,3200,3000,3000,3000,3000,3000,3000,3000,3300,3350,3300,3400,3400,3250,3200,3275,3200,3200,3200,3200,3200,3300,3225,3375,3500,3400,3200,3200,3150,3100,3150,3200,3275,3375,3450,3600,3700,3600,3400,3500,3500,3500,3400,3400,3800,3600,3650,3900,3975,3700,3400,3350,3350,3350,3500,3600,4000,4000,4000,4000,3900,3800,3600,3600,3600,3600,3600,3700,4200,4200,4000,4000,3985,3800
"32003","Fleming Island","FL","Jacksonville, FL","Clay",205,,,,,,,,,,,,,,,,,,,,,,,,,,,,,,,,,,,,,,,,,,,,,,,,,,,,,,,,,,,,,,,,,,,,,,,,,1695,1699,1750,1850,1850,1900,1895,1875,1850,1775,1785,1787.5,1750,1795,1800,1885,1950,1855,1865,1800
"02145","Somerville","MA","Boston, MA","Middlesex",206,,,,,,,,,,,,,,,,,,,,,,,,,2400,2450,2500,2500,2500,2600,2500,2550,2550,2600,2400,2400,2450,2600,2600,2800,2800,2875,2850,2862.5,2800,2600,2600,2600,2600,2700,2900,2900,2850,2850,2900,2875,2800,2800,2800,2800,2900,2900,3000,2987.5,3200,3175,3200,3100,3100,2975,2800,2850,3075,3200,3400,3450,3475,3475,3475,3475,3300,3300,3300,3150,3325,3800,3800,3775,3750,3600,3685,3850
"33596","Valrico","FL","Tampa, FL","Hillsborough",207,,,,,,,,,,,,,,,,,,,,,,,,,,,,,,,,,,,,,,,,,,,,,,,,,,,,,,,,,,,,,,,,,,,,,,,,,1847.5,1859,1885,1975,1999.5,2000,1995,1945,1945,1900,1900,1945,1887.5,1947.5,1900,1885,2000,2095,2017.5,1997.5
"77493","Katy","TX","Houston, TX","Harris",208,,,,,,,,,,,,,,,,,,,,,,,,,,,,,,,,,,,,,,,,,,,,,,,,,,,,,,,,,,,,,,,,,,,,,,,,,1714.5,1725,1792.5,1800,1812.5,1800,1800,1850,1900,1850,1850,1750,1712.5,1700,1800,1800,1825,1825,1825,1825
"02215","Boston","MA","Boston, MA","Suffolk",209,,,,,,,,,,,,,,,,,,,,,,,,,,,,,,,,,,,,,,,,,,,,,,,,,,,,,,,,,,,,,,,,,,,,,,,,4400,4400,4400,4850,4600,4500,4150,4275,4400,4300,4250,4275,4800,5000,5100,4950,4600,4500,4400,4300,4300
"02134","Boston","MA","Boston, MA","Suffolk",210,,2600,2800,2800,2800,2700,2700,2675,2750,2600,2600,2800,3000,3000,3000,2925,2900,2800,2800,2800,2800,2800,2800,2900,3000,3050,3050,3000,3000,3000,3000,3000,3000,3000,3000,3000,3200,3200,3200,3200,3200,3200,3200,3200,3200,3000,3000,3200,3300,3400,3300,3300,3300,3200,3200,3191,3100,3100,3200,3400,3500,3500,3500,3500,3500,3400,3400,3300,3300,3200,3100,3500,3600,3600,3600,3600,3600,3500,3500,3500,3495,3200,3600,3795,3800,3800,3800,3850,3700,3700,3600,3600
"79934","El Paso","TX","El Paso, TX","El Paso",211,,,,,,,,,,,,,,,,,,,,,,,,,,,,,,,,,,,,,,,,,,,,,,,,,,,,,,,,,,,,,,,,,,,,,,,,,1200,1197,1200,1262.5,1287,1295,1295,1312.5,1250,1250,1235,1242.5,1225,1200,1249,1262.5,1312.5,1300,1350,1450
"33579","Riverview","FL","Tampa, FL","Hillsborough",212,,,,,,,,,,,,1295,1325,1350,1350,1372.5,1350,1350,1325,1350,1375,1395,1350,1412.5,1500,1475,1450,1475,1500,1550,1545,1500,1500,1495,1475,1475,1412.5,1450,1400,1400,1500,1485,1485,1495,1500,1485,1497.5,1495,1495,1475,1477.5,1507.5,1512.5,1550,1525,1550,1525,1500,1500,1495,1525,1550,1550,1537.5,1550,1550,1595,1550,1590,1550,1575,1500,1595,1599,1600,1647,1649,1665,1645,1655,1675,1595,1595,1600,1625,1635,1687.5,1750,1745,1725,1700,1667.5
"02121","Boston","MA","Boston, MA","Suffolk",213,,,,,,,,,,,,,,,,,,,,,,,,,,,,,,,,,,,,,,,,,,,,,,,,,,,,,,,,,,,,,,,,,,,,,,,,,,,,2400,2400,2400,2425,2400,2500,2525,2575,2575,2525,2550,2550,2550,2600,2625,2600,2600
"02140","Cambridge","MA","Boston, MA","Middlesex",214,,,,,,,,,,,,,,,,,,,,,,,,,,,,,,,,,,,,,,,,,,,,,,,,,,,,,,,,,,,,,,,,,,,,,,,,,4400,4500,4625,4400,4400,4400,4400,4000,3999,3800,4000,3800,3800,4200,4500,4500,4485,4200,4100,4000
"33897","Davenport","FL","Lakeland, FL","Polk",215,,,,,,,,,,,,,,,,,,,,,,,,,,,,,,,,,,,,,,,,,,,,,,,,,,,,,,,,,,,,,,,,,,,,,,,,,1600,1595,1569.5,1500,1575,1605,1650,1625,1665,1650,1600,1672.5,1700,1650,1700,1675,1650,1750,1772.5,1725
"33569","Riverview","FL","Tampa, FL","Hillsborough",216,,,,,,,,,,,,,,,,,,,,,,,,,,,,,,,,,,,,,,,,,,,,,,,,,,,,,,,,,,,,,,,,,,,,,,,,,,1597,1649,1670,1695,1675,1680,1667.5,1687.5,1670,1617.5,1630,1667.5,1695,1735,1745,1695,1725,1725,1695
"33547","Riverview","FL","Tampa, FL","Hillsborough",217,,,,,,,,,,,,,,,,,,,,,,,,,,,,,,,,,,,,,,,,,,,,,,,,,,,,,,,,,,,,,,,,,,,,,,,,,1997.5,2200,2200,2225,2150,2109.5,2200,2100,2150,2000,1990,2097.5,2042.5,2040,2075,2150,2230,2300,2225,2277.5
"32832","Orlando","FL","Orlando, FL","Orange",218,,,,,,,,,,,,,,,,,,,,,,,,,,,,,,,,,,,,,,,,,,,,,,,,,,,,,,,,,,,,,,,,,,,,,,,,,,,2100,2100,2050,2095,2000,1995,2000,2000,1995,2100,2095,2105,2075,2047.5,2100,2095,2180,2180
"02445","Brookline","MA","Boston, MA","Norfolk",219,,,,,,,,,,,,,,3100,3200,3200,3200,3200,3200,3150,3100,3100,3100,3100,3148.5,3200,3250,3275,3200,3300,3400,3225,3300,3200,3200,3200,3200,3400,3400,3450,3550,3700,3800,3700,3500,3397.5,3347.5,3395,3460,3600,3600,3600,3600,3600,3500,3400,3400,3400,3400,3400,3400,3750,3800,3800,3800,3750,3650,3600,3650,3450,3600,3400,3800,3800,3800,3875,4000,4000,3950,3950,3875,3800,3800,3800,3975,4000,3900,3900,3900,3800,3600,3800
"34212","Bradenton","FL","Sarasota, FL","Manatee",220,,,,,,,,,,,,,,,,,,,,,,,,,,,,,,,,,,,,,,,,,,,,,,,,,,,,,,,,,,,,,,,,,,,,,,,,,,,,,,2587,2500,2500,2487.5,2300,2400,2285,2522.5,2675,2800,2750,2700,2795,2722.5,2750
"33185","Kendall West","FL","Miami, FL","Miami-Dade",221,,,,,,,,,,,,,,,,,,,,,,,,,,,,,,,,,,,,,,,,,,,,,,,,,,,,,,,,,,,,,,,,,,,,2537.5,2400,2500,2500,2525,2500,2514.5,2550,2557.5,2600,2600,2590,2500,2537.5,2600,2665,2625,2612.5,2650,2600,2590,2590,2600,2600,2600
"78261","San Antonio","TX","San Antonio, TX","Bexar",222,,,,,,,,,,,,,,,,,,,,,,,,,,,,,,,,,,,,,,,,,,,,,,,,,,,,,,,,,,,,,,,,,,,,,,,,,2196.5,2194,2087.5,2100,2100,2100,2095,2095,2000,1972.5,1850,1837.5,1837.5,1800,1947.5,2000,2095,2072.5,2043,2000
"23508","Norfolk","VA","Virginia Beach, VA","Norfolk City",223,,,,,,,,,,,,,,,,,,,,,,,,,,,,,,,,,,,,,,,,,,,,,,,,,,,,,,,,,,,,,,,,,,,,,,,,,,1787.5,1800,1900,1800,1790,1695,1695,1500,1500,1700,1598,1650,1790,1900,1800,1800,1796,1750,1697.5
"33327","Weston","FL","Miami, FL","Broward",224,,,,,,,,,,,,,,,,,,,,,,,,,,,,,,,,,,,,,,,,,,,,,,,,,,,,,,,,,,,,,,,,,,,,,,,,,,,,2950,3050,3000,3000,3000,2850,3000,3150,3100,3150,3000,3000,3100,3200,3200,3200,3300
"02141","Cambridge","MA","Boston, MA","Middlesex",225,,,,,,,,,,,,,,,,,,,,,,,,,,,,,,,,,,,,,,,,,,,,,,,,,,,,,,,,,,,,,,,,,,,,,,,,,4000,4000,4000,4000,3950,4000,3900,3700,3700,3900,4000,4000,3800,3500,3500,4000,4000,4000,4000,4000
"11963","Noyack","NY","New York, NY","Suffolk",226,,,,,,,,,,,,,,,,,,,,,,,,,,,,,,,,,,,,,,,,,,,,,,,,,,,,,,,,,,,,,,,,,,,,,,42500,50000,45000,40000,45000,41675,40000,40000,40000,40000,36000,38750,40000,38000,37000,36500,36000,35000,35000,30000,30000,30000,30000
"02120","Boston","MA","Boston, MA","Suffolk",227,,,,,,,,,,,,3600,3400,3400,3400,3250,3250,3300,3300,3400,3400,3400,3400,3487.5,3600,3600,3600,3600,3600,3600,3600,3600,3600,3600,3775,3800,3800,3800,3850,3900,3900,3850,3887.5,3800,3700,3800,3900,4000,4000,4000,4000,3912.5,3950,3900,3900,3700,3600,3600,3800,4000,4100,4100,4000,4000,4000,3900,3800,3750,3600,3550,3600,3995,4200,4200,4200,4100,4000,4000,3900,3800,3800,3912.5,4000,4200,4200,4200,4100,4000,4000,4000,4000,3950
"81611","Aspen","CO","Aspen, CO","Pitkin",228,,,,,,,,,,,,,,,,,,,,,,,,,,,,,,,,,,,,,,,,,,,,,,,,,,,,,,,,,,,,,,,,,,,,,,,,,,,,40000,35000,40000,40000,40000,40000,45000,45000,50000,50000,45000,50000,45000,45000,45000,45000,45000
"02458","Newton","MA","Boston, MA","Middlesex",229,,,,,,,,,,,,,,,,,,,,,,,,,,,,,,,,,,,,,,,,,,,,,,,,,,,,,,,,,,,,,,,,,,,,,,,,,3200,3300,3500,3500,3600,3400,3400,3400,3400,3550,3300,3300,3400,3500,3500,3600,3600,3600,3500,3400
"02113","Boston","MA","Boston, MA","Suffolk",230,,,,,,,,,,,,,,,,,,,,,,,,,,,,,,,,,,,,,,,,,,,,,,,,,,,,,,,,,,,,,,,,,,,,,,,,,5200,5200,5200,4850,4850,5100,5200,5200,5200,4950,4950,4950,4950,5100,5080,5000,4975,4975,4950,4800
"95391","Tracy","CA","Stockton, CA","San Joaquin",231,,,,,,,,,,,,,,,,,,,,,,,,,,,,,,,,,,,,,,,,,,,,,,,,,,,,,,,,,,,,,,,,,,,,,,,,,,,,,2690,2700,2697.5,2675,2587.5,2600,2600,2600,2600,2625,2650,2700,2700,2700,2725,2700
"19127","Philadelphia","PA","Philadelphia, PA","Philadelphia",232,,,,,,,,,,,,,,,,,,,,,,,,,,,,,,,,,,,,,,,,,,,,,,,,,,,,,,,,,,,,,,,,,,,,,,,,,,2050,2000,1995,1900,1800,1800,1825,1800,1700,1720,1800,1997.5,1997.5,2000,2000,2000,1999,1900,1874.5
"11976","Water Mill","NY","New York, NY","Suffolk",233,,,,,,,,,,,,,,,,,,,,,,,,,,,,,,,,,,,,,,,,,,,,,,,,,,,,,,,,,,,,,,,,,,,,,,,,50000,50000,50000,50000,49000,50000,50000,45000,43500,45000,50000,50000,50000,50000,50000,49250,50000,45000,40000,42000,42000
